{
  "elapsed_secs": 33.38362503051758,
  "spent_eps_deltas": [
    [
      0.125,
      0.7310483376942234
    ],
    [
      0.25,
      0.25214235923628386
    ],
    [
      0.5,
      0.0031521045650700335
    ],
    [
      1.0,
      7.462748559712305e-10
    ],
    [
      2.0,
      9.450948321146075e-24
    ],
    [
      4.0,
      1.5157533843466333e-51
    ],
    [
      8.0,
      3.898835061830871e-107
    ]
  ],
  "train_accuracy": 0.6782,
  "test_accuracy": 0.6952,
  "num_training_steps": 30,
  "mistakes": null,
  "result_series": [
    {
      "step": 10,
      "elapsed_secs": 13.878019571304321,
      "spent_eps_deltas": [
        [
          0.125,
          0.7270856857569831
        ],
        [
          0.25,
          0.2470834064724657
        ],
        [
          0.5,
          0.00291390165050858
        ],
        [
          1.0,
          6.494021811579306e-10
        ],
        [
          2.0,
          8.224136730126878e-24
        ],
        [
          4.0,
          1.3189960053138458e-51
        ],
        [
          8.0,
          3.3927338873462266e-107
        ]
      ],
      "train_accuracy": 0.4289,
      "test_accuracy": 0.4369,
      "mistakes": null
    },
    {
      "step": 20,
      "elapsed_secs": 9.75476884841919,
      "spent_eps_deltas": [
        [
          0.125,
          0.72906431947662
        ],
        [
          0.25,
          0.24960006617808655
        ],
        [
          0.5,
          0.003030663738314299
        ],
        [
          1.0,
          6.961555280330951e-10
        ],
        [
          2.0,
          8.816228854928189e-24
        ],
        [
          4.0,
          1.4139563851102977e-51
        ],
        [
          8.0,
          3.6369918662882437e-107
        ]
      ],
      "train_accuracy": 0.6092,
      "test_accuracy": 0.6297,
      "mistakes": null
    },
    {
      "step": 30,
      "elapsed_secs": 9.750836610794067,
      "spent_eps_deltas": [
        [
          0.125,
          0.7310483376942234
        ],
        [
          0.25,
          0.25214235923628386
        ],
        [
          0.5,
          0.0031521045650700335
        ],
        [
          1.0,
          7.462748559712305e-10
        ],
        [
          2.0,
          9.450948321146075e-24
        ],
        [
          4.0,
          1.5157533843466333e-51
        ],
        [
          8.0,
          3.898835061830871e-107
        ]
      ],
      "train_accuracy": 0.6782,
      "test_accuracy": 0.6952,
      "mistakes": null
    }
  ],
  "accountant_type": "Moments",
  "task_id": 0,
  "batch_size": 600,
  "projection_dimensions": 60,
  "default_gradient_l2norm_bound": 4.0,
  "num_hidden_layers": 1,
  "hidden_layer_num_units": 1000,
  "num_examples": 60000,
  "learning_rate": 0.05,
  "end_learning_rate": 0.05,
  "learning_rate_saturate_epochs": 0.0,
  "sigma": 4.0,
  "pca_sigma": 7.0
}
