{
  "elapsed_secs": 2199.0224130153656,
  "spent_eps_deltas": [
    [
      0.125,
      0.07356525348958365
    ],
    [
      0.25,
      0.0013473946176734062
    ],
    [
      0.5,
      4.520005392664207e-07
    ],
    [
      1.0,
      5.086595965954608e-14
    ],
    [
      2.0,
      6.4417493394203525e-28
    ],
    [
      4.0,
      1.0331347744746855e-55
    ],
    [
      8.0,
      2.6574389501066315e-111
    ]
  ],
  "train_accuracy": 0.8466,
  "test_accuracy": 0.8574,
  "num_training_steps": 200,
  "mistakes": null,
  "result_series": [
    {
      "step": 10,
      "elapsed_secs": 114.44429469108582,
      "spent_eps_deltas": [
        [
          0.125,
          0.019634263068096455
        ],
        [
          0.25,
          0.00035961407220166475
        ],
        [
          0.5,
          1.2063708169149409e-07
        ],
        [
          1.0,
          1.3575915065773846e-14
        ],
        [
          2.0,
          1.719276358734011e-28
        ],
        [
          4.0,
          2.757394148000433e-56
        ],
        [
          8.0,
          7.09259507155596e-112
        ]
      ],
      "train_accuracy": 0.492,
      "test_accuracy": 0.503,
      "mistakes": null
    },
    {
      "step": 20,
      "elapsed_secs": 98.99546122550964,
      "spent_eps_deltas": [
        [
          0.125,
          0.02104782085785375
        ],
        [
          0.25,
          0.00038550428622721646
        ],
        [
          0.5,
          1.2932228092546413e-07
        ],
        [
          1.0,
          1.4553305479040215e-14
        ],
        [
          2.0,
          1.8430546987310526e-28
        ],
        [
          4.0,
          2.95591119770168e-56
        ],
        [
          8.0,
          7.603222487427035e-112
        ]
      ],
      "train_accuracy": 0.6713,
      "test_accuracy": 0.684,
      "mistakes": null
    },
    {
      "step": 30,
      "elapsed_secs": 105.44720482826233,
      "spent_eps_deltas": [
        [
          0.125,
          0.022563146950197874
        ],
        [
          0.25,
          0.000413258451733268
        ],
        [
          0.5,
          1.3863276622136544e-07
        ],
        [
          1.0,
          1.560106256853559e-14
        ],
        [
          2.0,
          1.975744391097111e-28
        ],
        [
          4.0,
          3.1687203713819342e-56
        ],
        [
          8.0,
          8.150612238551564e-112
        ]
      ],
      "train_accuracy": 0.6705,
      "test_accuracy": 0.6858,
      "mistakes": null
    },
    {
      "step": 40,
      "elapsed_secs": 115.98812699317932,
      "spent_eps_deltas": [
        [
          0.125,
          0.024187568097162927
        ],
        [
          0.25,
          0.0004430107628643035
        ],
        [
          0.5,
          1.4861355469955562e-07
        ],
        [
          1.0,
          1.6724252343764663e-14
        ],
        [
          2.0,
          2.11798700366262e-28
        ],
        [
          4.0,
          3.3968506225146114e-56
        ],
        [
          8.0,
          8.73741100869818e-112
        ]
      ],
      "train_accuracy": 0.6996,
      "test_accuracy": 0.7151,
      "mistakes": null
    },
    {
      "step": 50,
      "elapsed_secs": 109.73133325576782,
      "spent_eps_deltas": [
        [
          0.125,
          0.02592893853619843
        ],
        [
          0.25,
          0.0004749050749971945
        ],
        [
          0.5,
          1.5931290446279836e-07
        ],
        [
          1.0,
          1.7928305538753648e-14
        ],
        [
          2.0,
          2.270470293575174e-28
        ],
        [
          4.0,
          3.6414049835030273e-56
        ],
        [
          8.0,
          9.366456028153418e-112
        ]
      ],
      "train_accuracy": 0.7135,
      "test_accuracy": 0.7284,
      "mistakes": null
    },
    {
      "step": 60,
      "elapsed_secs": 107.98944473266602,
      "spent_eps_deltas": [
        [
          0.125,
          0.027795677966186885
        ],
        [
          0.25,
          0.0005090956002962241
        ],
        [
          0.5,
          1.7078254792897812e-07
        ],
        [
          1.0,
          1.921904387018783e-14
        ],
        [
          2.0,
          2.433931532673623e-28
        ],
        [
          4.0,
          3.9035658989516946e-56
        ],
        [
          8.0,
          1.0040788792010863e-111
        ]
      ],
      "train_accuracy": 0.7553,
      "test_accuracy": 0.7672,
      "mistakes": null
    },
    {
      "step": 70,
      "elapsed_secs": 108.32335615158081,
      "spent_eps_deltas": [
        [
          0.125,
          0.029796812257523342
        ],
        [
          0.25,
          0.0005457476533442058
        ],
        [
          0.5,
          1.830779419624765e-07
        ],
        [
          1.0,
          2.0602708185989635e-14
        ],
        [
          2.0,
          2.609161072270505e-28
        ],
        [
          4.0,
          4.1846009429030275e-56
        ],
        [
          8.0,
          1.07636697661033e-111
        ]
      ],
      "train_accuracy": 0.7683,
      "test_accuracy": 0.7759,
      "mistakes": null
    },
    {
      "step": 80,
      "elapsed_secs": 110.36941504478455,
      "spent_eps_deltas": [
        [
          0.125,
          0.03194201709309454
        ],
        [
          0.25,
          0.0005850384504548943
        ],
        [
          0.5,
          1.9625853601361213e-07
        ],
        [
          1.0,
          2.2085988640437887e-14
        ],
        [
          2.0,
          2.797006164579178e-28
        ],
        [
          4.0,
          4.485868947683761e-56
        ],
        [
          8.0,
          1.1538594151677903e-111
        ]
      ],
      "train_accuracy": 0.7786,
      "test_accuracy": 0.7896,
      "mistakes": null
    },
    {
      "step": 90,
      "elapsed_secs": 107.14829087257385,
      "spent_eps_deltas": [
        [
          0.125,
          0.03424166475116583
        ],
        [
          0.25,
          0.0006271579665314513
        ],
        [
          0.5,
          2.1038805956263623e-07
        ],
        [
          1.0,
          2.367605704172716e-14
        ],
        [
          2.0,
          2.998375059262307e-28
        ],
        [
          4.0,
          4.808826573994306e-56
        ],
        [
          8.0,
          1.2369308785040067e-111
        ]
      ],
      "train_accuracy": 0.7975,
      "test_accuracy": 0.8023,
      "mistakes": null
    },
    {
      "step": 100,
      "elapsed_secs": 100.65364503860474,
      "spent_eps_deltas": [
        [
          0.125,
          0.03670687425637598
        ],
        [
          0.25,
          0.0006723098536139555
        ],
        [
          0.5,
          2.2553483025809055e-07
        ],
        [
          1.0,
          2.5380601528372623e-14
        ],
        [
          2.0,
          3.214241394909047e-28
        ],
        [
          4.0,
          5.155035354007338e-56
        ],
        [
          8.0,
          1.3259830253880684e-111
        ]
      ],
      "train_accuracy": 0.8011,
      "test_accuracy": 0.8078,
      "mistakes": null
    },
    {
      "step": 110,
      "elapsed_secs": 101.31938695907593,
      "spent_eps_deltas": [
        [
          0.125,
          0.03934956514132455
        ],
        [
          0.25,
          0.0007207124255572229
        ],
        [
          0.5,
          2.4177208423941965e-07
        ],
        [
          1.0,
          2.720786374212252e-14
        ],
        [
          2.0,
          3.4456489066743656e-28
        ],
        [
          4.0,
          5.526169241531354e-56
        ],
        [
          8.0,
          1.4214464317874973e-111
        ]
      ],
      "train_accuracy": 0.813,
      "test_accuracy": 0.8219,