{
  "elapsed_secs": 205.97953152656555,
  "spent_eps_deltas": [
    [
      0.125,
      0.7557234644038053
    ],
    [
      0.25,
      0.29088575141788237
    ],
    [
      0.5,
      0.00561743947227874
    ],
    [
      1.0,
      2.4331667507900183e-09
    ],
    [
      2.0,
      3.081402654055636e-23
    ],
    [
      4.0,
      4.9419871347399064e-51
    ],
    [
      8.0,
      1.271182562745622e-106
    ]
  ],
  "train_accuracy": 0.8638,
  "test_accuracy": 0.8715,
  "num_training_steps": 200,
  "mistakes": null,
  "result_series": [
    {
      "step": 10,
      "elapsed_secs": 13.544079780578613,
      "spent_eps_deltas": [
        [
          0.125,
          0.7270856857569831
        ],
        [
          0.25,
          0.2470834064724657
        ],
        [
          0.5,
          0.00291390165050858
        ],
        [
          1.0,
          6.494021811579306e-10
        ],
        [
          2.0,
          8.224136730126878e-24
        ],
        [
          4.0,
          1.3189960053138458e-51
        ],
        [
          8.0,
          3.3927338873462266e-107
        ]
      ],
      "train_accuracy": 0.4881,
      "test_accuracy": 0.4864,
      "mistakes": null
    },
    {
      "step": 20,
      "elapsed_secs": 9.011332273483276,
      "spent_eps_deltas": [
        [
          0.125,
          0.72906431947662
        ],
        [
          0.25,
          0.24960006617808655
        ],
        [
          0.5,
          0.003030663738314299
        ],
        [
          1.0,
          6.961555280330951e-10
        ],
        [
          2.0,
          8.816228854928189e-24
        ],
        [
          4.0,
          1.4139563851102977e-51
        ],
        [
          8.0,
          3.6369918662882437e-107
        ]
      ],
      "train_accuracy": 0.6295,
      "test_accuracy": 0.6272,
      "mistakes": null
    },
    {
      "step": 30,
      "elapsed_secs": 9.045479536056519,
      "spent_eps_deltas": [
        [
          0.125,
          0.7310483376942234
        ],
        [
          0.25,
          0.25214235923628386
        ],
        [
          0.5,
          0.0031521045650700335
        ],
        [
          1.0,
          7.462748559712305e-10
        ],
        [
          2.0,
          9.450948321146075e-24
        ],
        [
          4.0,
          1.5157533843466333e-51
        ],
        [
          8.0,
          3.898835061830871e-107
        ]
      ],
      "train_accuracy": 0.6977,
      "test_accuracy": 0.7052,
      "mistakes": null
    },
    {
      "step": 40,
      "elapsed_secs": 8.96964406967163,
      "spent_eps_deltas": [
        [
          0.125,
          0.7326274263556176
        ],
        [
          0.25,
          0.25441605649079124
        ],
        [
          0.5,
          0.0032703404935641263
        ],
        [
          1.0,
          8.000024968966484e-10
        ],
        [
          2.0,
          1.0131364060387855e-23
        ],
        [
          4.0,
          1.624879201616311e-51
        ],
        [
          8.0,
          4.179529511809199e-107
        ]
      ],
      "train_accuracy": 0.7285,
      "test_accuracy": 0.7283,
      "mistakes": null
    },
    {
      "step": 50,
      "elapsed_secs": 9.899286270141602,
      "spent_eps_deltas": [
        [
          0.125,
          0.7340500221280296
        ],
        [
          0.25,
          0.25660557211903223
        ],
        [
          0.5,
          0.0033906293298275013
        ],
        [
          1.0,
          8.575982292850351e-10
        ],
        [
          2.0,
          1.086076595027571e-23
        ],
        [
          4.0,
          1.7418614710751885e-51
        ],
        [
          8.0,
          4.480432401744368e-107
        ]
      ],
      "train_accuracy": 0.754,
      "test_accuracy": 0.7623,
      "mistakes": null
    },
    {
      "step": 60,
      "elapsed_secs": 10.422996759414673,
      "spent_eps_deltas": [
        [
          0.125,
          0.7354753802577585
        ],
        [
          0.25,
          0.2588139308138329
        ],
        [
          0.5,
          0.0035153425996194555
        ],
        [
          1.0,
          9.193405342181614e-10
        ],
        [
          2.0,
          1.1642680721331474e-23
        ],
        [
          4.0,
          1.867265813605209e-51
        ],
        [
          8.0,
          4.8029986269700145e-107
        ]
      ],
      "train_accuracy": 0.772,
      "test_accuracy": 0.784,
      "mistakes": null
    },
    {
      "step": 70,
      "elapsed_secs": 10.756804943084717,
      "spent_eps_deltas": [
        [
          0.125,
          0.7369035061086736
        ],
        [
          0.25,
          0.26104129473944226
        ],
        [
          0.5,
          0.0036446430413341496
        ],
        [
          1.0,
          9.855279418675481e-10
        ],
        [
          2.0,
          1.248088900906869e-23
        ],
        [
          4.0,
          2.001698571647302e-51
        ],
        [
          8.0,
          5.1487878271961245e-107
        ]
      ],
      "train_accuracy": 0.7952,
      "test_accuracy": 0.8018,
      "mistakes": null
    },
    {
      "step": 80,
      "elapsed_secs": 10.938699007034302,
      "spent_eps_deltas": [
        [
          0.125,
          0.7383344050550598
        ],
        [
          0.25,
          0.2632878274557017
        ],
        [
          0.5,
          0.0037786993791681647
        ],
        [
          1.0,
          1.0564804749174718e-09
        ],
        [
          2.0,
          1.33794436337405e-23
        ],
        [
          4.0,
          2.1458097409274652e-51
        ],
        [
          8.0,
          5.519471927521018e-107
        ]
      ],
      "train_accuracy": 0.8092,
      "test_accuracy": 0.8161,
      "mistakes": null
    },
    {
      "step": 90,
      "elapsed_secs": 11.014655113220215,
      "spent_eps_deltas": [
        [
          0.125,
          0.7397680824816374
        ],
        [
          0.25,
          0.26555369393005585
        ],
        [
          0.5,
          0.003917686543288775
        ],
        [
          1.0,
          1.1325411959064007e-09
        ],
        [
          2.0,
          1.4342689196127756e-23
        ],
        [
          4.0,
          2.300296113250382e-51
        ],
        [
          8.0,
          5.916843222355634e-107
        ]
      ],
      "train_accuracy": 0.8227,
      "test_accuracy": 0.8254,
      "mistakes": null
    },
    {
      "step": 100,
      "elapsed_secs": 10.955690622329712,
      "spent_eps_deltas": [
        [
          0.125,
          0.7412045437835828
        ],
        [
          0.25,
          0.2678390605496663
        ],
        [
          0.5,
          0.00406178589810039
        ],
        [
          1.0,
          1.2140778659684135e-09
        ],
        [
          2.0,
          1.537528308411496e-23
        ],
        [
          4.0,
          2.4659046455571818e-51
        ],
        [
          8.0,
          6.342823041344565e-107
        ]
      ],
      "train_accuracy": 0.8223,
      "test_accuracy": 0.8273,
      "mistakes": null
    },
    {
      "step": 110,
      "elapsed_secs": 11.109602451324463,
      "spent_eps_deltas": [
        [
          0.125,
          0.7426437943665488
        ],
        [
          0.25,
          0.27014409513362975
        ],
        [
          0.5,
          0.004199653277915142
        ],
        [
          1.0,
          1.3014847229947785e-09
        ],
        [
          2.0,
          1.6482217991622853e-23
        ],
        [
          4.0,
          2.643436071536124e-51
        ],
        [
          8.0,
          6.799471039186263e-107
        ]
      ],
      "train_accuracy": 0.8197,
      "test_accuracy": 0.8347,
      "mistakes": null
    },
    {
      "step": 120,
      "elapsed_secs": 11.225531339645386,