{
  "elapsed_secs": 319.3950321674347,
  "spent_eps_deltas": [
    [
      0.125,
      0.7557234644038053
    ],
    [
      0.25,
      0.29088575141788237
    ],
    [
      0.5,
      0.00561743947227874
    ],
    [
      1.0,
      2.4331667507900183e-09
    ],
    [
      2.0,
      3.081402654055636e-23
    ],
    [
      4.0,
      4.9419871347399064e-51
    ],
    [
      8.0,
      1.271182562745622e-106
    ]
  ],
  "train_accuracy": 0.8586,
  "test_accuracy": 0.8701,
  "num_training_steps": 200,
  "mistakes": null,
  "result_series": [
    {
      "step": 10,
      "elapsed_secs": 26.209904432296753,
      "spent_eps_deltas": [
        [
          0.125,
          0.7270856857569831
        ],
        [
          0.25,
          0.2470834064724657
        ],
        [
          0.5,
          0.00291390165050858
        ],
        [
          1.0,
          6.494021811579306e-10
        ],
        [
          2.0,
          8.224136730126878e-24
        ],
        [
          4.0,
          1.3189960053138458e-51
        ],
        [
          8.0,
          3.3927338873462266e-107
        ]
      ],
      "train_accuracy": 0.4918,
      "test_accuracy": 0.4909,
      "mistakes": null
    },
    {
      "step": 20,
      "elapsed_secs": 17.40497350692749,
      "spent_eps_deltas": [
        [
          0.125,
          0.72906431947662
        ],
        [
          0.25,
          0.24960006617808655
        ],
        [
          0.5,
          0.003030663738314299
        ],
        [
          1.0,
          6.961555280330951e-10
        ],
        [
          2.0,
          8.816228854928189e-24
        ],
        [
          4.0,
          1.4139563851102977e-51
        ],
        [
          8.0,
          3.6369918662882437e-107
        ]
      ],
      "train_accuracy": 0.6238,
      "test_accuracy": 0.642,
      "mistakes": null
    },
    {
      "step": 30,
      "elapsed_secs": 16.938244342803955,
      "spent_eps_deltas": [
        [
          0.125,
          0.7310483376942234
        ],
        [
          0.25,
          0.25214235923628386
        ],
        [
          0.5,
          0.0031521045650700335
        ],
        [
          1.0,
          7.462748559712305e-10
        ],
        [
          2.0,
          9.450948321146075e-24
        ],
        [
          4.0,
          1.5157533843466333e-51
        ],
        [
          8.0,
          3.898835061830871e-107
        ]
      ],
      "train_accuracy": 0.7092,
      "test_accuracy": 0.7176,
      "mistakes": null
    },
    {
      "step": 40,
      "elapsed_secs": 16.80032253265381,
      "spent_eps_deltas": [
        [
          0.125,
          0.7326274263556176
        ],
        [
          0.25,
          0.25441605649079124
        ],
        [
          0.5,
          0.0032703404935641263
        ],
        [
          1.0,
          8.000024968966484e-10
        ],
        [
          2.0,
          1.0131364060387855e-23
        ],
        [
          4.0,
          1.624879201616311e-51
        ],
        [
          8.0,
          4.179529511809199e-107
        ]
      ],
      "train_accuracy": 0.7309,
      "test_accuracy": 0.7475,
      "mistakes": null
    },
    {
      "step": 50,
      "elapsed_secs": 17.827730655670166,
      "spent_eps_deltas": [
        [
          0.125,
          0.7340500221280296
        ],
        [
          0.25,
          0.25660557211903223
        ],
        [
          0.5,
          0.0033906293298275013
        ],
        [
          1.0,
          8.575982292850351e-10
        ],
        [
          2.0,
          1.086076595027571e-23
        ],
        [
          4.0,
          1.7418614710751885e-51
        ],
        [
          8.0,
          4.480432401744368e-107
        ]
      ],
      "train_accuracy": 0.7545,
      "test_accuracy": 0.7718,
      "mistakes": null
    },
    {
      "step": 60,
      "elapsed_secs": 17.835726737976074,
      "spent_eps_deltas": [
        [
          0.125,
          0.7354753802577585
        ],
        [
          0.25,
          0.2588139308138329
        ],
        [
          0.5,
          0.0035153425996194555
        ],
        [
          1.0,
          9.193405342181614e-10
        ],
        [
          2.0,
          1.1642680721331474e-23
        ],
        [
          4.0,
          1.867265813605209e-51
        ],
        [
          8.0,
          4.8029986269700145e-107
        ]
      ],
      "train_accuracy": 0.7729,
      "test_accuracy": 0.7903,
      "mistakes": null
    },
    {
      "step": 70,
      "elapsed_secs": 16.60643434524536,
      "spent_eps_deltas": [
        [
          0.125,
          0.7369035061086736
        ],
        [
          0.25,
          0.26104129473944226
        ],
        [
          0.5,
          0.0036446430413341496
        ],
        [
          1.0,
          9.855279418675481e-10
        ],
        [
          2.0,
          1.248088900906869e-23
        ],
        [
          4.0,
          2.001698571647302e-51
        ],
        [
          8.0,
          5.1487878271961245e-107
        ]
      ],
      "train_accuracy": 0.7921,
      "test_accuracy": 0.8088,
      "mistakes": null
    },
    {
      "step": 80,
      "elapsed_secs": 14.30975866317749,
      "spent_eps_deltas": [
        [
          0.125,
          0.7383344050550598
        ],
        [
          0.25,
          0.2632878274557017
        ],
        [
          0.5,
          0.0037786993791681647
        ],
        [
          1.0,
          1.0564804749174718e-09
        ],
        [
          2.0,
          1.33794436337405e-23
        ],
        [
          4.0,
          2.1458097409274652e-51
        ],
        [
          8.0,
          5.519471927521018e-107
        ]
      ],
      "train_accuracy": 0.8101,
      "test_accuracy": 0.8216,
      "mistakes": null
    },
    {
      "step": 90,
      "elapsed_secs": 14.510640859603882,
      "spent_eps_deltas": [
        [
          0.125,
          0.7397680824816374
        ],
        [
          0.25,
          0.26555369393005585
        ],
        [
          0.5,
          0.003917686543288775
        ],
        [
          1.0,
          1.1325411959064007e-09
        ],
        [
          2.0,
          1.4342689196127756e-23
        ],
        [
          4.0,
          2.300296113250382e-51
        ],
        [
          8.0,
          5.916843222355634e-107
        ]
      ],
      "train_accuracy": 0.8196,
      "test_accuracy": 0.8308,
      "mistakes": null
    },
    {
      "step": 100,
      "elapsed_secs": 15.124289989471436,
      "spent_eps_deltas": [
        [
          0.125,
          0.7412045437835828
        ],
        [
          0.25,
          0.2678390605496663
        ],
        [
          0.5,
          0.00406178589810039
        ],
        [
          1.0,
          1.2140778659684135e-09
        ],
        [
          2.0,
          1.537528308411496e-23
        ],
        [
          4.0,
          2.4659046455571818e-51
        ],
        [
          8.0,
          6.342823041344565e-107
        ]
      ],
      "train_accuracy": 0.8207,
      "test_accuracy": 0.8353,
      "mistakes": null
    },
    {
      "step": 110,
      "elapsed_secs": 14.737510204315186,
      "spent_eps_deltas": [
        [
          0.125,
          0.7426437943665488
        ],
        [
          0.25,
          0.27014409513362975
        ],
        [
          0.5,
          0.004199653277915142
        ],
        [
          1.0,
          1.3014847229947785e-09
        ],
        [
          2.0,
          1.6482217991622853e-23
        ],
        [
          4.0,
          2.643436071536124e-51
        ],
        [
          8.0,
          6.799471039186263e-107
        ]
      ],
      "train_accuracy": 0.8272,
      "test_accuracy": 0.84,
      "mistakes": null
    },
    {
      "step": 120,
      "elapsed_secs": 14.582601547241211,