{"Valid Eps 0.5 Classification":{"0":7,"1":1,"2":1,"3":0,"4":1,"5":1,"6":1,"7":1,"8":1,"9":9},"Valid Eps 0.5 Vector":{"0":[[-3.7541821003,4.3386301994,-3.2883644104,-1.7227250338,-1.2070471048,-1.972029686,-3.0525419712,9.5767431259,-4.437432766,1.6591230631]],"1":[[2.12002635,6.3750276566,1.7121260166,0.7901244164,-3.1595637798,-0.8100895286,2.2798290253,-2.0614595413,-5.0934000015,-2.3876218796]],"2":[[-2.1244814396,12.6062631607,-0.5321874022,-0.5898069143,-2.4225809574,-5.1373758316,-1.001082778,2.6814815998,-5.4834666252,-0.5333662033]],"3":[[7.4770817757,5.0260252953,-0.4998313785,-0.5533105731,-3.1857750416,-1.6573877335,2.5847496986,2.6254866123,-5.9232487679,-0.4177804589]],"4":[[-2.5424091816,4.3402886391,-0.9355438352,-3.4717514515,4.166475296,-2.0112168789,-0.4586040974,3.9316563606,-3.9113419056,0.5561420918]],"5":[[-3.8996150494,14.3639888763,-1.3345574141,0.0118784606,-2.0537884235,-5.2458796501,-2.8830993176,3.2455205917,-5.8942737579,0.4609083533]],"6":[[-4.4748930931,5.4126782417,-5.5863924026,-1.4616444111,4.3372654915,3.200978756,-0.1489316523,4.3605232239,-4.0617260933,1.2085241079]],"7":[[-4.6118564606,6.3835644722,-2.0466594696,-2.1731557846,1.8858617544,1.0990301371,0.7786397934,2.6602098942,-4.4761834145,2.7877321243]],"8":[[-0.9956974983,8.1406936646,-2.7187299728,-3.113325119,1.4930713177,-1.7954385281,3.4329218864,0.3693856001,-5.2320613861,1.0199279785]],"9":[[-5.4114308357,5.2564964294,-5.5031199455,-4.2366423607,4.3900146484,-2.8436851501,-2.4660372734,6.7147426605,-4.0722341537,7.3558559418]]},"Adv0 Eps 0.5 Classification":{"0":0,"1":0,"2":0,"3":1,"4":0,"5":0,"6":0,"7":0,"8":0,"9":0},"Adv0 Eps 0.5 Vector":{"0":[[2.3943920135,2.3916296959,-2.8244087696,-1.2677978277,-1.4585871696,-0.7291811705,-0.9414964914,2.3927288055,-2.6431314945,-0.4032233655]],"1":[[3.4644081593,3.4642605782,1.2122583389,0.0274223387,-2.8432950974,-0.181217134,1.9709502459,-2.1553001404,-4.154255867,-2.0324802399]],"2":[[3.0224404335,3.0218884945,-0.497662276,-1.2005770206,-2.0160467625,-2.6485548019,-0.6253550649,1.4037145376,-2.2758085728,-1.159719348]],"3":[[6.0959472656,6.0963764191,-0.5977799296,-0.4902804494,-2.8449072838,-1.8063952923,2.391305685,2.8732273579,-6.1545739174,-0.0124556422]],"4":[[1.8883183002,1.8849322796,-0.6534267068,-2.6446580887,1.8876162767,-1.7236343622,-0.3222737312,1.8778150082,-2.53251791,-0.3606524467]],"5":[[2.3517727852,2.3506398201,-0.990246892,-0.7197101712,-1.9040323496,-2.6033425331,-2.1039247513,1.4708338976,-2.2283635139,-0.8076616526]],"6":[[1.8257799149,1.8229706287,-3.3079800606,-1.4426316023,1.7642226219,1.8210834265,0.5084543228,1.809581399,-2.7984185219,-0.9631704688]],"7":[[1.2193138599,1.2185063362,-0.4696673155,-1.7101809978,0.8024237156,1.2164006233,0.8495130539,1.2030385733,-1.9549487829,1.1986109018]],"8":[[3.4822967052,3.4811167717,-2.1288669109,-2.8791167736,0.5848990083,-0.7678990364,3.4790670872,-0.4938581884,-3.5976557732,-0.7316681743]],"9":[[2.3877990246,2.3719496727,-5.1538023949,-3.1655724049,2.3728442192,-0.842505157,-1.4134340286,2.3873250484,-0.7115097642,2.383210659]]},"Adv0 Eps 0.5 Distortion":{"0":3.882351823,"1":1.4771805534,"2":4.2508761681,"3":0.7215030852,"4":2.4311768116,"5":5.1049826871,"6":3.3140317147,"7":3.6152545551,"8":2.5891557933,"9":3.8209322873},"Adv1 Eps 0.5 Classification":{"0":1,"1":1,"2":2,"3":2,"4":1,"5":2,"6":1,"7":1,"8":1,"9":1},"Adv1 Eps 0.5 Vector":{"0":[[-2.9408245087,6.3806958199,-3.44880867,-1.3252131939,-1.3063513041,-2.034209013,-2.2023043633,6.3803730011,-4.617046833,1.8544454575]],"1":[[2.1200246811,6.3750190735,1.7121690512,0.7901301384,-3.1595840454,-0.8101016879,2.2798366547,-2.0614993572,-5.0933866501,-2.3876357079]],"2":[[-0.933570981,3.3133504391,3.3135147095,-0.923774302,-1.5904004574,-3.9506328106,-0.8485305309,2.7511610985,-3.1652553082,0.0303017795]],"3":[[3.4612352848,3.4518933296,3.4614508152,-1.1376661062,-3.8668379784,-2.9183397293,2.0679593086,2.3587267399,-5.6396174431,0.3292880058]],"4":[[-2.5423941612,4.3402428627,-0.9355521202,-3.4717664719,4.1664791107,-2.0112166405,-0.4586212039,3.9316408634,-3.9112639427,0.5561107397]],"5":[[-2.011559248,3.4262599945,3.4277181625,-0.5095992088,-1.3252853155,-3.835580349,-1.7703713179,3.4030339718,-3.6175889969,0.8532666564]],"6":[[-4.4748711586,5.4126367569,-5.5863656998,-1.4616448879,4.3373246193,3.2009994984,-0.148936823,4.3605370522,-4.0616846085,1.2084960938]],"7":[[-4.6118164062,6.3835234642,-2.0466160774,-2.1731374264,1.885807991,1.0990022421,0.7786462903,2.6601700783,-4.4762010574,2.7877616882]],"8":[[-0.9956521988,8.1405954361,-2.718678236,-3.1133317947,1.4930620193,-1.7954113483,3.4328734875,0.3693863153,-5.2320432663,1.0199097395]],"9":[[-5.0107975006,6.2124996185,-5.3474812508,-4.1034369469,4.1486029625,-2.7471926212,-2.2373371124,6.2121562958,-3.9180531502,6.2115502357]]},"Adv1 Eps 0.5 Distortion":{"0":1.6661617309,"1":0.0003024826,"2":4.1964034894,"3":2.5861694601,"4":0.0002728197,"5":4.7566584047,"6":0.000291452,"7":0.0003301622,"8":0.0002973895,"9":0.641814825},"Adv2 Eps 0.5 Classification":{"0":2,"1":3,"2":3,"3":3,"4":2,"5":3,"6":2,"7":2,"8":2,"9":2},"Adv2 Eps 0.5 Vector":{"0":[[-1.130949378,2.7318599224,2.7339942455,-0.5671081543,-2.298222065,-2.7731833458,-0.1785512269,2.7279698849,-4.0677900314,0.5317440629]],"1":[[1.2776380777,2.7966051102,1.9232490063,2.7979855537,-2.0607261658,-0.5357705355,1.4691365957,-1.676882863,-4.3150196075,-2.1627271175]],"2":[[-1.3481914997,2.5727767944,-0.2440360785,2.573625803,-1.1039069891,-2.3995447159,-1.1427092552,1.6859833002,-2.9932329655,-0.2725408077]],"3":[[3.5721008778,3.5706384182,-0.6095896363,3.5745515823,-2.498465538,-2.015733242,1.0456602573,3.5156817436,-6.6241402626,1.4228647947]],"4":[[-0.9104460478,2.2952179909,2.2959825993,-2.4927544594,2.2886478901,-2.3212285042,0.4160286784,2.2880136967,-2.727735281,-0.4689027667]],"5":[[-2.2574234009,2.8027787209,-1.0611869097,2.803781271,-1.3262747526,-2.2567675114,-2.4869811535,2.1456091404,-3.2704815865,0.6135692]],"6":[[-2.2851281166,1.1623848677,1.1636191607,-0.7884390354,1.160302043,1.1570365429,-0.2192502618,1.1624766588,-2.8678953648,-0.2299102843]],"7":[[-3.0298113823,2.0232686996,2.0279533863,-2.0928645134,1.0450168848,0.0955012292,0.5716275573,2.0276277065,-2.6018445492,1.799849987]],"8":[[0.607565999,2.4580662251,2.4602012634,-2.0635125637,-0.7612965107,-2.3028614521,2.4568109512,1.2170746326,-3.7465958595,-0.8077753186]],"9":[[-2.4096250534,2.2178986073,2.2246909142,-2.8066301346,1.7538194656,-2.7424507141,-1.4232032299,2.220688343,-3.6139061451,2.2165942192]]},"Adv2 Eps 0.5 Distortion":{"0":4.5622545986,"1":1.9915119896,"2":4.4684038362,"3":2.7756175754,"4":2.3814355092,"5":4.8258940348,"6":3.8972114669,"7":2.8695343142,"8":3.6397054272,"9":4.6970089912},"Adv3 Eps 0.5 Classification":{"0":3,"1":4,"2":4,"3":4,"4":3,"5":4,"6":3,"7":3,"8":3,"9":3},"Adv3 Eps 0.5 Vector":{"0":[[-2.1837573051,3.3978216648,-2.4657239914,3.4045519829,-1.5932725668,-1.4368370771,-1.507250905,3.4044864178,-3.9916853905,0.8284282088]],"1":[[0.6957327127,0.9518303275,0.916914463,0.4656328559,0.9543594718,0.2204863727,0.9490196705,-1.2668671608,-3.8676972389,-1.1007128954]],"2":[[-2.7655029297,3.7834260464,-1.1096833944,-1.1184281111,3.7835285664,-2.011626482,-1.5318160057,3.3597333431,-3.6103203297,1.9909589291]],"3":[[3.0156726837,3.0163087845,-2.0024545193,-1.5205597878,3.0192160606,-1.159614563,2.5896654129,2.9912214279,-4.6355910301,0.7234316468]],"4":[[-0.3022046685,0.759820044,0.3128538132,0.7612944245,0.7599036694,-2.837392807,0.0086167231,0.757607758,-2.2858664989,-0.3871463537]],"5":[[-4.1225786209,5.1533646584,-1.9379097223,-0.5927443504,5.1539134979,-1.1923021078,-2.7298977375,3.1822972298,-3.8592112064,3.1132941246]],"6":[[-3.3372607231,1.6882635355,-3.4542126656,1.6930730343,1.6820795536,1.6870435476,-0.6618987322,1.6929255724,-3.7168540955,0.741974473]],