{"Valid Eps 0.1 Classification":{"0":9,"1":1,"2":1,"3":1,"4":9,"5":1,"6":9,"7":1,"8":1,"9":9},"Valid Eps 0.1 Vector":{"0":[[-39.4751853943,41.4590072632,-1.7617132664,-6.5778341293,25.1368541718,-37.2780914307,-39.8600082397,49.1974029541,25.1288509369,57.7569541931]],"1":[[-12.5987262726,63.0788574219,-28.3516235352,6.3967518806,10.6741905212,2.5175783634,-19.4899139404,-6.678791523,35.7537841797,36.16746521]],"2":[[-31.4123001099,73.8897628784,-12.5891714096,4.4239521027,2.1784920692,-30.0848617554,-31.7742404938,20.6382141113,57.6717987061,32.8718414307]],"3":[[22.807100296,46.3997802734,-12.0444145203,-10.140083313,17.0370864868,-10.6025505066,-45.7770271301,15.3792419434,-12.3230142593,-17.3115081787]],"4":[[-35.5564880371,33.7970695496,-6.5755300522,6.0287818909,55.4610748291,-20.8093223572,-10.8000154495,22.4115390778,31.8148498535,58.9282989502]],"5":[[-26.9986133575,83.5896148682,-7.7748951912,13.4098739624,-10.2400846481,-17.1749591827,-48.4598312378,26.8166217804,46.3520240784,43.9724693298]],"6":[[4.7362546921,2.5215599537,-37.0947189331,0.139881134,53.9430656433,-20.7591247559,-56.2383766174,44.371635437,36.6616744995,54.5545272827]],"7":[[-9.5315818787,45.2096633911,-55.3221969604,-27.7729282379,29.9663734436,-61.0958938599,-14.2803249359,23.8657646179,36.723274231,43.5043296814]],"8":[[-10.8979959488,40.4518699646,-17.6641235352,11.7710342407,12.2248325348,3.626442194,-40.3259925842,-28.3113670349,-20.0893821716,1.4772601128]],"9":[[-24.9379940033,33.8134460449,-3.7320621014,14.7555713654,20.3097515106,-29.28657341,-31.4649124146,40.4465560913,-2.6733062267,50.1498794556]]},"Adv0 Eps 0.1 Classification":{"0":0,"1":0,"2":0,"3":1,"4":0,"5":0,"6":0,"7":0,"8":0,"9":0},"Adv0 Eps 0.1 Vector":{"0":[[18.1705875397,18.0919342041,-0.2045207024,-4.9619579315,18.0871295929,-20.2402057648,-53.7949066162,17.9179992676,18.1054477692,18.1296958923]],"1":[[23.4241256714,23.419090271,-31.8687229156,-3.3850567341,23.409778595,1.7954779863,-16.2997932434,-22.7780246735,22.6397228241,16.4906845093]],"2":[[23.8114299774,23.7791862488,-27.8283748627,4.2224793434,15.2220993042,-25.5464801788,-41.7117843628,1.4737167358,23.7256793976,23.7236480713]],"3":[[22.8072128296,46.4000587463,-12.0444993973,-10.1400594711,17.0368347168,-10.6023521423,-45.7766075134,15.3794584274,-12.3234100342,-17.3116073608]],"4":[[16.7811698914,16.4349060059,-6.2555580139,2.1641824245,16.7730064392,-6.4171695709,-19.8622016907,4.7713103294,15.9852428436,16.6348152161]],"5":[[28.3001937866,28.2641487122,-25.9454212189,9.0756378174,4.7503628731,-17.738199234,-51.7823448181,6.7040581703,27.7579307556,28.1122570038]],"6":[[35.7761878967,8.4298295975,-36.6398429871,2.3037028313,35.7703361511,-23.1167449951,-51.4837379456,35.5587120056,35.6753158569,35.676322937]],"7":[[23.8727493286,23.7072410583,-57.7487602234,-31.0135688782,23.802230835,-45.2426071167,-7.0065307617,19.9561729431,23.8713569641,23.8591747284]],"8":[[15.6951313019,15.6760005951,-19.1005573273,8.4961986542,10.7157735825,12.1015291214,-43.8786048889,-30.5274009705,-26.1060295105,-2.0533514023]],"9":[[17.0970993042,16.8535423279,-4.2516179085,10.2903938293,17.0443229675,-16.4291629791,-36.4112319946,17.0504417419,-4.7821207047,17.071105957]]},"Adv0 Eps 0.1 Distortion":{"0":3.0338045348,"1":2.2609909547,"2":3.1380677701,"3":0.0002131682,"4":3.1973345265,"5":3.3426620282,"6":1.9719542812,"7":1.8376783842,"8":1.553215672,"9":2.448862637},"Adv1 Eps 0.1 Classification":{"0":1,"1":1,"2":2,"3":2,"4":1,"5":2,"6":1,"7":1,"8":1,"9":1},"Adv1 Eps 0.1 Vector":{"0":[[-35.6357154846,47.2328948975,2.1736984253,-6.4162054062,22.7476272583,-36.1510162354,-38.0265159607,46.7604446411,25.6921310425,47.2322845459]],"1":[[-12.5988874435,63.0784759521,-28.3507614136,6.3971223831,10.6735057831,2.5174934864,-19.4898529053,-6.6783413887,35.7528762817,36.1666641235]],"2":[[-27.4788036346,33.6224098206,33.624004364,11.4429664612,11.3545923233,-23.2763690948,-29.5830459595,19.3301868439,33.4731140137,17.0144920349]],"3":[[18.0967178345,18.1767368317,18.1799354553,-5.9323720932,18.0912189484,-9.1698074341,-58.2104606628,18.1463928223,-12.7674312592,-11.075211525]],"4":[[-35.7446212769,47.3265075684,-7.0127243996,5.491964817,47.3146858215,-20.0729370117,-10.7565937042,22.3197574615,30.7208061218,47.3031349182]],"5":[[-32.4611740112,36.3390808105,36.3409042358,18.7022838593,-4.8375635147,-11.5099191666,-42.826374054,19.5221366882,25.3942661285,25.8696174622]],"6":[[4.639064312,33.3591499329,-26.6189651489,4.2715654373,33.2844772339,-12.1501350403,-48.2183685303,33.2074546814,33.1904258728,33.319858551]],"7":[[-9.5314359665,45.2093658447,-55.3217315674,-27.7732009888,29.9654941559,-61.0952644348,-14.2804098129,23.8662490845,36.7222480774,43.5044212341]],"8":[[-10.8980484009,40.4516410828,-17.6633052826,11.7710390091,12.2251024246,3.6267325878,-40.3248291016,-28.3115119934,-20.0897197723,1.4760735035]],"9":[[-24.6369686127,40.6176223755,-1.0372644663,15.2931594849,19.3891639709,-28.0780487061,-29.1325874329,39.7609024048,-2.1636352539,40.6171684265]]},"Adv1 Eps 0.1 Distortion":{"0":0.4929254994,"1":0.0003024826,"2":3.0137854782,"3":2.1990051708,"4":0.8478195104,"5":3.1008738178,"6":1.9117408842,"7":0.0003302733,"8":0.0002973895,"9":0.4365541588},"Adv2 Eps 0.1 Classification":{"0":2,"1":3,"2":3,"3":3,"4":2,"5":3,"6":2,"7":2,"8":2,"9":2},"Adv2 Eps 0.1 Vector":{"0":[[-32.9137191772,31.3578529358,31.3869552612,-12.0314121246,17.9134159088,-20.8638420105,-41.0916175842,31.3659744263,19.7312927246,31.2674293518]],"1":[[-14.2033987045,35.2195663452,-29.4386367798,35.2242774963,12.4917669296,13.5686388016,-23.1946487427,-4.808306694,25.6981430054,26.798374176]],"2":[[-27.2799377441,40.2283363342,-15.4265213013,40.2310714722,9.9825077057,-11.1401939392,-41.8736152649,12.2482261658,40.128036499,34.7861862183]],"3":[[18.6189746857,18.7978134155,-16.1038017273,18.8022441864,18.7203330994,-3.4063453674,-51.7836952209,10.3689994812,-17.0824680328,-17.3145980835]],"4":[[-39.8477363586,29.2511444092,29.5225105286,9.6690683365,29.5151119232,-7.1522250175,-9.4576282501,22.4952507019,16.1477603912,29.4295730591]],"5":[[-25.7802772522,46.1989402771,-12.4460315704,46.2177848816,-1.5646529198,-3.9563484192,-52.0455207825,20.4044837952,43.7843551636,40.7818832397]],"6":[[-7.4245023727,12.4657373428,25.7780647278,2.4773585796,25.7309989929,-10.4307193756,-43.8230895996,25.7769927979,22.2799873352,25.7144851685]],"7":[[-1.3147624731,14.8620510101,14.9127082825,-19.7857666016,14.8579235077,-42.0370979309,-28.3399620056,14.877820015,14.1581020355,14.8506975174]],"8":[[-4.3392138481,15.5773153305,15.5800228119,12.7558984756,13.19597435,9.3746385574,-40.8168945312,-26.8002433777,-23.5107288361,-1.9947280884]],"9":[[-23.4774475098,27.2304916382,27.3147640228,16.063041687,24.7737045288,-17.6701183319,-26.0976982117,27.3139839172,-7.291967392,27.2968711853]]},"Adv2 Eps 0.1 Distortion":{"0":1.90041672,"1":1.8861976678,"2":2.1642859168,"3":1.7782386623,"4":2.1486880624,"5":2.1111410025,"6":3.0007580753,"7":3.6294302341,"8":1.9357188867,"9":1.5741487019},"Adv3 Eps 0.1 Classification":{"0":3,"1":4,"2":4,"3":4,"4":3,"5":4,"6":3,"7":3,"8":3,"9":3},"Adv3 Eps 0.1 Vector":{"0":[[-29.201374054,28.7741546631,1.1269285679,28.7826099396,24.6849842072,-18.9813232422,-47.2054214478,28.7688102722,28.2434921265,28.7543048859]],"1":[[-4.1744632721,39.0539588928,-27.0924167633,4.076280117,39.0693016052,2.7772798538,-20.8442363739,-11.5633544922,28.2319850922,29.8864097595]],"2":[[-22.0701522827,38.3206634521,-18.9321174622,10.0121688843,38.3304862976,-23.6678085327,-31.1448154449,10.1828927994,38.2590141296,26.5125083923]],"3":[[23.3187980652,30.7965393066,-15.1087379456,-11.0680751801,30.7990837097,-8.0096673965,-45.9909667969,13.100979805,-13.7681789398,-18.2395591736]],"4":[[-33.3532981873,27.2142734528,0.3852090836,35.4169158936,35.3250160217,-4.0957698822,-17.3791675568,17.3329467773,22.9361209869,35.4155273438]],