{"Valid Eps 1 Classification":{"0":7,"1":1,"2":1,"3":0,"4":4,"5":1,"6":4,"7":1,"8":1,"9":7},"Valid Eps 1 Vector":{"0":[[-1.353040576,1.6204628944,-3.4385919571,-1.3226369619,0.4296548963,-2.6205935478,-0.5307533741,7.3530039787,-3.6267483234,1.1588876247]],"1":[[-0.7599275112,4.6434230804,2.6518406868,-0.4774920642,-3.1614508629,0.0582650304,2.732676506,-1.9489859343,-4.4335832596,-3.3820772171]],"2":[[-2.3399765491,9.0721378326,-1.1650136709,-2.6440126896,0.6659604907,-1.645409584,0.451785028,2.6769223213,-4.1694879532,-0.4214677513]],"3":[[6.143655777,2.5715222359,-2.4609136581,-2.6348173618,-2.6806042194,1.4791628122,2.5262703896,3.4621150494,-6.1814374924,-0.158527106]],"4":[[-0.708399713,3.3026883602,-0.3778997958,-2.5738167763,3.4959468842,-0.1901789308,0.223246038,1.7154477835,-2.6100301743,1.9074013233]],"5":[[-3.3455767632,10.8964166641,-1.4317753315,-2.265850544,0.7349132895,-2.2297596931,-0.5088440776,3.2933008671,-4.1623606682,0.4370996654]],"6":[[-2.7617399693,2.3090178967,-3.9524796009,-1.2808260918,4.9782342911,-0.8249847293,-0.5249112844,1.5640285015,-2.2606153488,1.906085968]],"7":[[-3.4080989361,6.0669116974,-2.5624716282,-3.3382205963,2.6102900505,0.4821401536,0.0930099338,1.0672613382,-4.3486022949,4.4250068665]],"8":[[-0.2081468999,5.1949892044,-0.7609047294,-3.9577980042,1.5026940107,-0.1802041829,2.3522577286,-0.8865312934,-3.5838465691,0.249223128]],"9":[[-2.6990103722,2.4715473652,-5.7605462074,-3.8309967518,3.8740448952,-1.8606228828,-0.350625366,6.498831749,-3.5162169933,6.4948105812]]},"Adv0 Eps 1 Classification":{"0":0,"1":0,"2":0,"3":1,"4":0,"5":0,"6":0,"7":0,"8":0,"9":0},"Adv0 Eps 1 Vector":{"0":[[2.1502923965,1.0998654366,-2.1167156696,-0.827716589,0.5803802609,-0.4763082862,-0.1046061516,2.1496770382,-3.4065937996,0.498188138]],"1":[[1.8617984056,1.8597247601,1.842381835,-0.3675058484,-2.3322012424,1.0389709473,1.8542320728,-1.648663044,-3.4364876747,-2.9436306953]],"2":[[1.8275398016,1.8264191151,-1.560079813,-1.3556851149,1.7167825699,-0.3590443134,0.8402176499,1.8185740709,-3.5156826973,-0.8594754934]],"3":[[4.2751531601,4.2757210732,-2.1885309219,-2.7571434975,-2.5803399086,0.8965062499,2.4748353958,3.1557357311,-5.7010188103,-0.1404224634]],"4":[[1.6785587072,1.6778533459,-0.234335497,-1.5885134935,1.6784170866,0.1536760777,0.1922562271,1.4771908522,-2.6022694111,1.4560542107]],"5":[[2.254357338,2.2537250519,-1.6880991459,-1.0408586264,1.4849669933,-0.2180883735,0.4630330801,2.2534573078,-3.530346632,-0.4028429687]],"6":[[1.0156476498,1.0024523735,-1.647223711,-0.2764118314,1.0153157711,-0.2484849989,-0.4177271724,1.014421463,-2.2107605934,-0.435795188]],"7":[[1.5846552849,1.5841691494,-1.8546084166,-1.9317736626,0.9948836565,1.5738402605,0.5988484025,1.0076690912,-3.0807094574,1.5612632036]],"8":[[2.1845662594,2.1841986179,-1.0281040668,-2.6195130348,1.3357461691,0.8320518136,1.94490695,-0.7178049088,-3.945515871,0.2268374115]],"9":[[2.5279493332,1.3330812454,-4.6538515091,-2.786689043,1.7953865528,0.444973886,0.4256455004,2.5278666019,-3.1583931446,2.5272724628]]},"Adv0 Eps 1 Distortion":{"0":3.5923650312,"1":2.5428997446,"2":4.1798955848,"3":1.2186415208,"4":2.2831216737,"5":4.857343341,"6":3.675521663,"7":3.9900589436,"8":2.348034211,"9":3.4471300655},"Adv1 Eps 1 Classification":{"0":1,"1":1,"2":2,"3":2,"4":1,"5":2,"6":1,"7":1,"8":1,"9":1},"Adv1 Eps 1 Vector":{"0":[[-1.4668177366,4.0723075867,-2.7032213211,-1.6028196812,0.2977518141,-2.0540874004,-0.1961362511,4.0722951889,-3.0351624489,1.0386363268]],"1":[[-0.7599245906,4.6434402466,2.6518857479,-0.4774797559,-3.1615157127,0.0582820922,2.7326827049,-1.949010849,-4.4335312843,-3.3821070194]],"2":[[-0.6738952398,1.8652968407,1.8654158115,-0.9961201549,0.7987899184,-1.7989147902,0.4670972228,1.5990247726,-2.4179446697,-0.9322395325]],"3":[[2.2744898796,2.2720096111,2.2765207291,-2.1862306595,-3.3861148357,-0.7915735841,2.2184956074,2.2678539753,-4.5894055367,-0.8067173958]],"4":[[-0.7278806567,3.3962407112,-0.3577622771,-2.5739474297,3.3962378502,-0.2003422379,0.212230131,1.711122036,-2.5825476646,1.8964415789]],"5":[[-1.2447366714,2.4145634174,2.4163315296,-1.1972482204,0.7984947562,-2.1242651939,0.1105724871,2.3075487614,-2.5807523727,-0.4035924673]],"6":[[-2.9443480968,3.6156387329,-3.3777451515,-1.2663533688,3.615398407,-1.2178663015,-0.5799005032,1.6417677402,-1.9167836905,1.7209956646]],"7":[[-3.4081346989,6.0668940544,-2.5624432564,-3.338211298,2.6102981567,0.4821232855,0.0929746479,1.0672750473,-4.3485794067,4.4250183105]],"8":[[-0.2081205547,5.1949257851,-0.7609112859,-3.9577875137,1.5026866198,-0.1801877469,2.352209568,-0.8864965439,-3.5838420391,0.2492398918]],"9":[[-2.5577847958,4.8617072105,-4.9735207558,-3.984418869,2.9923448563,-1.6299974918,0.3313376904,4.8601555824,-3.2238996029,4.8611121178]]},"Adv1 Eps 1 Distortion":{"0":2.3042722166,"1":0.0003024826,"2":4.7152515099,"3":3.3195550032,"4":0.0845727713,"5":5.125947446,"6":1.0973797107,"7":0.0003301622,"8":0.0002973895,"9":1.6519763439},"Adv2 Eps 1 Classification":{"0":2,"1":3,"2":3,"3":3,"4":2,"5":3,"6":2,"7":2,"8":2,"9":2},"Adv2 Eps 1 Vector":{"0":[[-0.8701705337,1.1060122252,1.1155558825,-0.5724868178,-0.70508039,-1.6843580008,-0.2082233131,1.1146057844,-1.6553465128,-0.1112025082]],"1":[[-0.2918121219,2.052325964,2.0358111858,2.0537762642,-2.0810799599,0.4598473012,2.0455935001,-2.0867705345,-3.8013660908,-2.8521773815]],"2":[[-0.6439002156,1.7311753035,-1.2099114656,1.7325828075,1.7262152433,-1.4559642076,-0.0956413224,1.3346873522,-2.8052062988,0.0356599875]],"3":[[2.0956840515,2.0882341862,-2.0231699944,2.0985174179,-2.0773890018,0.7321200967,0.8437709212,2.0785717964,-5.5551939011,-0.2199001461]],"4":[[-0.2174892277,1.7365285158,1.7375724316,-1.5267860889,1.7353680134,-0.8437327147,-0.1282372475,1.3233546019,-1.8954861164,0.7257999778]],"5":[[-0.9369239807,1.9756149054,-1.2655069828,1.9759581089,1.8429428339,-1.3425860405,-0.6461172104,1.6224799156,-2.7673397064,0.6187608242]],"6":[[-1.5569045544,0.7344869375,0.7353560925,-0.1931121647,0.7278364897,-1.0171332359,-0.4637984037,0.7348307967,-1.2228131294,-0.2307284474]],"7":[[-1.5758513212,1.2931139469,1.2964555025,-1.5502123833,-0.0829726756,0.7424762845,0.3105538189,0.9851143956,-2.712916851,1.2937903404]],"8":[[0.175827086,1.9593453407,1.9619526863,-2.6969292164,0.2499967813,0.023069106,1.9565460682,-1.1604678631,-3.0891532898,-0.3296557069]],"9":[[-1.5241945982,1.202594161,1.2036966085,-2.7379894257,0.946328938,-2.2008211613,0.6477190256,1.2020052671,-1.8713538647,1.2020025253]]},"Adv2 Eps 1 Distortion":{"0":4.4402143746,"1":2.4625471391,"2":4.5806683971,"3":3.5175843607,"4":2.4496750597,"5":4.8441034004,"6":3.731489655,"7":4.2054232869,"8":2.841372156,"9":4.6112768355},"Adv3 Eps 1 Classification":{"0":3,"1":4,"2":4,"3":4,"4":3,"5":4,"6":3,"7":3,"8":3,"9":3},"Adv3 Eps 1 Vector":{"0":[[-0.6025941372,0.9386480451,-1.8139210939,1.7079513073,0.891543746,-1.6004116535,-0.1817302108,1.706638217,-2.8797976971,0.3152072728]],"1":[[-0.8320786953,1.3884367943,0.3087899983,-0.5833138824,1.3987699747,0.1812612265,1.3982094526,-1.0712070465,-3.398109436,-2.1233625412]],"2":[[-0.9276115894,3.2241671085,-2.0246591568,-1.6738128662,3.2260670662,-1.0802158117,0.7847541571,1.9735350609,-3.5637619495,0.214790076]],"3":[[2.4171791077,2.0867385864,-3.0321252346,-2.735285759,2.4181568623,1.2279235125,2.4144287109,2.4145781994,-5.2038493156,0.6884833574]],"4":[[0.0585452691,1.0305439234,0.4260632694,1.032749176,1.0295907259,-0.4812214971,-0.351598382,1.0250343084,-1.9096235037,0.4104368389]],"5":[[-1.8682819605,4.0160126686,-2.3054797649,-1.7463034391,4.016412735,-1.6747988462,0.1430936158,2.6529135704,-3.5674557686,1.1061367989]],"6":[[-1.8452048302,1.6223446131,-2.191519022,1.6431937218,1.6428494453,-0.8330182433,-1.2290402651,1.3616250753,-1.9870423079,1.1359704733]],"7":[[-1.498277545,1.6148978472,-1.6696426868,1.619956851,0.9739504457,1.3392826319,-0.4241680205,0.1547400504,-3.2629368305,1.6184130907]],