{"Valid Eps 0 Classification":{"0":7,"1":1,"2":1,"3":0,"4":7,"5":1,"6":4,"7":1,"8":1,"9":7},"Valid Eps 0 Vector":{"0":[[-1.8589515686,1.6049547195,-2.1074817181,-1.4652241468,-0.1580303907,1.1834559441,-3.8421521187,7.7411456108,-6.7608633041,1.688912034]],"1":[[0.0427367836,4.1715760231,2.1605312824,0.4489687383,-2.8189971447,1.5968775749,3.1526606083,-1.0273061991,-5.781888485,-1.6084884405]],"2":[[-3.2377476692,7.8161025047,-1.4283585548,-1.8717639446,0.1672521383,0.2771334648,-1.6628401279,3.308494091,-6.5632920265,0.7666974068]],"3":[[4.2179789543,-0.7329138517,-1.80250144,-2.1983590126,-1.5644304752,3.132060051,1.5769916773,3.7649765015,-6.1784000397,0.6162388921]],"4":[[-2.2344079018,1.9980300665,-2.1776120663,-2.9163854122,3.564409256,0.727129817,-0.1083912253,3.6301553249,-6.4781064987,2.9262111187]],"5":[[-4.1070947647,8.8079624176,-1.8473994732,-1.8842508793,0.2435027808,-0.2125438154,-2.4795217514,4.0770940781,-6.8446025848,1.0684422255]],"6":[[-3.3597340584,1.8957458735,-3.914917469,-1.7185747623,4.7531847954,1.8289357424,-1.788854599,3.3224959373,-5.8721075058,3.1803853512]],"7":[[-3.4619636536,4.1285071373,-2.4049930573,-1.012450695,1.492436409,1.0680992603,-1.90394032,3.0005795956,-7.3611073494,3.5833005905]],"8":[[-0.9822095037,4.0396156311,-0.6619187593,-2.6957302094,1.6510462761,1.5810707808,3.6102862358,1.1706666946,-5.4121813774,0.5362039804]],"9":[[-3.4065485001,0.8287104964,-4.8049674034,-3.8345117569,3.4125359058,0.2708768547,-3.1612427235,7.1669135094,-6.0721025467,5.6114912033]]},"Adv0 Eps 0 Classification":{"0":0,"1":0,"2":0,"3":1,"4":0,"5":0,"6":0,"7":0,"8":0,"9":0},"Adv0 Eps 0 Vector":{"0":[[1.6899095774,0.2468910664,-1.0339733362,-1.2033890486,-0.2202066779,1.3860378265,-0.7715627551,1.6887731552,-3.5960524082,0.8916867375]],"1":[[1.9404125214,1.938121438,1.9238308668,0.2605706751,-2.6832273006,1.8822958469,1.9387000799,-0.8263397217,-4.4125285149,-1.3209736347]],"2":[[1.6926925182,1.6905919313,-1.1169173717,-1.8437030315,-0.0897583142,1.6829423904,-0.0632514358,1.6861060858,-4.2469902039,0.2185823917]],"3":[[2.0175685883,2.022400856,-1.1280134916,-1.3049123287,-1.8079366684,2.0217568874,2.0179777145,2.0190281868,-5.3863010406,0.2858151793]],"4":[[1.0937817097,1.0812988281,-0.4882804751,-2.3793904781,1.0906301737,1.0193018913,0.9296919107,1.0933434963,-4.657189846,1.0904284716]],"5":[[1.9463940859,1.9430713654,-1.0622375011,-1.7077400684,-0.6939665675,1.9139443636,-0.473641187,1.9459745884,-4.2697753906,0.346467793]],"6":[[0.9934388399,0.3975743055,-0.6863325834,-0.966817677,0.9849364161,0.9917954206,-0.2103753537,0.9862751961,-3.5928053856,0.9910801053]],"7":[[1.0188117027,1.0151619911,-0.640206933,-1.8116241693,1.0017932653,1.0121982098,0.597122252,1.0136379004,-4.8185052872,1.0148953199]],"8":[[1.9703586102,1.9696063995,-0.4865898192,-2.2152285576,0.3707498908,1.961840868,1.9669280052,1.2862892151,-4.4226689339,0.1526102722]],"9":[[1.7353303432,-0.0934306979,-2.2759225368,-3.2524166107,1.0930242538,1.7063637972,0.437464416,1.7325713634,-3.0908703804,1.7332994938]]},"Adv0 Eps 0 Distortion":{"0":4.8516938074,"1":2.3148206459,"2":5.451195318,"3":2.2320228414,"4":3.4298261123,"5":5.9359077326,"6":4.5999133226,"7":4.7667641201,"8":2.6231691243,"9":4.6912379302},"Adv1 Eps 0 Classification":{"0":1,"1":1,"2":2,"3":2,"4":1,"5":2,"6":1,"7":1,"8":1,"9":1},"Adv1 Eps 0 Vector":{"0":[[-2.0879843235,3.874096632,-2.0953571796,-1.027053237,-0.3164181411,0.8585199714,-2.3513867855,3.8739306927,-5.254591465,1.4478843212]],"1":[[0.0427360088,4.1715965271,2.1605651379,0.4490110874,-2.8190274239,1.5968588591,3.1526677608,-1.0273572206,-5.7818293571,-1.6085112095]],"2":[[-1.2080726624,2.9715578556,2.9734408855,-1.0917773247,-0.7809087038,-0.6111724377,0.5291694403,1.399033308,-4.9727883339,-0.6260136962]],"3":[[1.9771926403,0.249081701,1.977334857,-0.970896244,-2.2298634052,1.0781152248,1.9616738558,1.9654692411,-5.3796601295,-0.3504672647]],"4":[[-2.1246960163,2.8372817039,-1.8617875576,-2.6261436939,2.8368945122,0.7034834623,-0.0340419561,2.8368651867,-6.1108469963,2.5051796436]],"5":[[-1.7149419785,3.2765033245,3.2772743702,-1.0838809013,-1.2096478939,-1.1220812798,-0.1579777598,2.4232237339,-5.0585346222,-0.9303358197]],"6":[[-3.3996510506,3.1805877686,-3.331646204,-1.1538285017,3.1796126366,1.6306627989,-1.7752193213,2.7964849472,-5.5321359634,2.7478244305]],"7":[[-3.4619824886,4.1284990311,-2.4049928188,-1.0124278069,1.4924484491,1.0680874586,-1.9039578438,3.000569582,-7.3610286713,3.5833008289]],"8":[[-0.982192874,4.0395712852,-0.6619087458,-2.6957323551,1.6510201693,1.5810749531,3.6102523804,1.1706677675,-5.4121017456,0.5361810327]],"9":[[-3.5213375092,3.7611105442,-4.2395758629,-3.4490160942,2.6908798218,0.4107456505,-1.3534814119,3.7597248554,-4.7002434731,3.756683588]]},"Adv1 Eps 0 Distortion":{"0":2.8440861765,"1":0.0003024826,"2":5.0631400752,"3":2.7178702849,"4":1.0828189118,"5":5.2578208436,"6":1.3845772555,"7":0.0003302641,"8":0.0002971406,"9":2.5663035937},"Adv2 Eps 0 Classification":{"0":2,"1":3,"2":3,"3":3,"4":2,"5":3,"6":2,"7":2,"8":2,"9":2},"Adv2 Eps 0 Vector":{"0":[[-0.850320816,1.4887433052,2.055434227,-0.5657730103,-1.3854264021,-0.0549170002,-0.7974609137,2.0551652908,-3.9645621777,0.0069262162]],"1":[[0.4887218475,1.9450013638,1.9446616173,1.9456833601,-2.8831472397,1.3211525679,1.9214156866,-0.5420401096,-4.6821341515,-1.4335843325]],"2":[[-1.486857295,1.6107685566,-1.0614714622,1.6116514206,-0.2940340042,0.7180172205,-1.2342083454,1.6084451675,-4.7940459251,1.2758337259]],"3":[[1.5126535892,1.1813386679,-0.2587575614,1.5129538774,-2.5605685711,1.5070335865,0.7877209783,1.5123013258,-5.297358036,0.118431434]],"4":[[-0.8227822781,1.1487236023,1.1521131992,-1.9715018272,1.1490516663,0.0172350407,0.9156578779,1.1450377703,-4.6657395363,1.1487070322]],"5":[[-2.44754529,2.4686028957,-1.640622139,2.4690124989,-0.7222367525,0.2665789425,-3.1409349442,2.4675834179,-4.8527832031,1.9177436829]],"6":[[-1.3351287842,0.7239611745,0.7245064974,-0.564481616,0.7235135436,0.6976286173,0.1170024574,0.7166109085,-3.7074384689,0.7015336156]],"7":[[-2.2104203701,1.3754953146,1.3773306608,-0.7140210867,0.6262376904,0.0168945938,-0.0899505019,1.3663672209,-5.6967420578,1.3752621412]],"8":[[-0.0689614788,2.3088724613,2.3140950203,-1.3412097692,-0.279224813,0.7212471962,2.3106865883,0.9106135964,-4.6767630577,-0.4069574177]],"9":[[-1.4185911417,1.2321999073,1.2413820028,-2.2116913795,0.8184483647,-1.0465984344,0.7184752822,1.2411540747,-3.3747491837,1.2279325724]]},"Adv2 Eps 0 Distortion":{"0":4.7475113624,"1":2.6564039298,"2":5.7057932008,"3":3.2383136449,"4":3.2841271275,"5":5.6431929642,"6":4.34558023,"7":4.0042251683,"8":2.8036558331,"9":5.0994694901},"Adv3 Eps 0 Classification":{"0":3,"1":4,"2":4,"3":4,"4":3,"5":4,"6":3,"7":3,"8":3,"9":3},"Adv3 Eps 0 Vector":{"0":[[-1.4688476324,1.9672653675,-1.5743514299,2.0199930668,-1.3549343348,1.3885852098,-2.7159030437,2.0196957588,-4.0118741989,1.7535970211]],"1":[[-0.0789988041,1.2420182228,0.2569012344,-0.4710667729,1.2459750175,1.1206783056,1.2441837788,-0.3005411327,-4.4361553192,-0.1768379509]],"2":[[-2.641307354,3.3270940781,-2.7568285465,-2.3878171444,3.3278472424,0.5887821913,-0.9252105951,3.2789633274,-5.6499152184,1.8048175573]],"3":[[2.2743935585,-0.910384953,-2.376750946,-2.913772583,2.2792272568,2.2759661674,2.2725274563,2.2760157585,-5.4891810417,1.1278958321]],"4":[[-1.3559333086,0.9948602319,-0.5387820601,0.9981936812,0.4909077585,0.927781105,-0.4244911075,0.9961462617,-4.3198137283,0.9923965931]],"5":[[-3.5707914829,3.9633579254,-3.0013318062,-2.3146879673,3.9638073444,0.120141834,-1.6857931614,3.7135183811,-5.8660597801,2.169213295]],"6":[[-3.0682570934,1.684212327,-2.3378736973,1.6942263842,1.6877781153,1.6824910641,-2.0613753796,1.68133533,-4.1776685715,1.6932492256]],"7":[[-2.8021438122,2.1148872375,-0.8131063581,2.1168837547,-0.6926484108,0.8573851585,-1.9627113342,2.1068732738,-6.3093595505,2.1134727001]],