{"Valid Eps 2 Classification":{"0":7,"1":1,"2":1,"3":0,"4":4,"5":1,"6":4,"7":1,"8":1,"9":7},"Valid Eps 2 Vector":{"0":[[-2.2849135399,3.2563164234,-2.3427798748,-0.9762464762,0.3874872923,-1.3203734159,-0.7973427773,9.0086631775,-5.2270417213,0.2205545455]],"1":[[-0.6911250353,4.5913538933,3.0169160366,0.9533416033,-3.2924294472,-0.7236961722,3.5479397774,-1.8244298697,-2.9857566357,-2.749298811]],"2":[[-3.2721338272,10.0576934814,-1.1145367622,-1.3059737682,0.0403709114,-2.5479114056,0.0746853352,3.3881983757,-4.554710865,-1.3789696693]],"3":[[4.7407355309,-1.1407238245,-1.4205650091,-2.5092277527,-3.958823204,-0.0611796454,2.8737609386,3.9114654064,-5.8290905952,0.5726763606]],"4":[[-2.23595047,3.7583258152,-0.9073621631,-2.5600657463,4.0466475487,-1.6456331015,1.2160662413,3.5125396252,-3.9188790321,1.1452159882]],"5":[[-4.0138607025,11.6080636978,-1.7095061541,-0.8218976855,-0.20968014,-3.1267001629,-0.9944065809,3.6946156025,-4.6743035316,-0.9683856368]],"6":[[-3.284463644,3.6999945641,-3.4159071445,-1.7013145685,4.2072281837,0.3773586154,-0.5868895054,4.0801768303,-3.0626416206,-0.3896231353]],"7":[[-3.5275764465,5.7724437714,-2.4976890087,-0.8382474184,2.4250657558,-0.3169013858,0.8071141243,2.0207631588,-4.5763573647,2.4818444252]],"8":[[-1.4109302759,5.4620738029,0.6839404106,-2.4964854717,1.8876012564,-1.3746881485,3.7798545361,0.5080040693,-4.6070742607,0.609026134]],"9":[[-2.9829337597,2.2145819664,-5.2061219215,-3.0164864063,3.6705765724,-1.1872578859,-0.2233207524,6.0438919067,-4.3804540634,4.57026577]]},"Adv0 Eps 2 Classification":{"0":0,"1":0,"2":0,"3":1,"4":0,"5":0,"6":0,"7":0,"8":0,"9":0},"Adv0 Eps 2 Vector":{"0":[[1.3454539776,1.3404899836,-0.1133630872,-0.8187268376,-0.3253189325,-0.9168050289,0.5499231219,1.3446592093,-2.3419606686,0.2292385697]],"1":[[2.0550663471,2.0506284237,2.0381541252,1.311783433,-3.7105035782,0.2323569059,2.0543301105,-1.2354514599,-2.13935256,-2.3490915298]],"2":[[1.36581707,1.36457932,-0.2516439259,-0.4769707918,-0.3866969049,-0.763672173,1.2912745476,1.3576580286,-2.9678487778,-0.7812259793]],"3":[[2.0213580132,2.0313811302,-0.7285426259,-1.5741057396,-3.5417854786,-0.3928656876,2.0313303471,2.0259377956,-4.5907382965,0.2573066652]],"4":[[1.3264409304,1.3210458755,-0.2362612784,-2.2843368053,1.3181334734,-1.1813411713,1.3055007458,1.3256136179,-2.9805779457,1.1008033752]],"5":[[1.3519166708,1.3518797159,-0.3198142946,-0.0831289962,-0.7172921896,-0.7793123722,0.6304331422,1.3453594446,-3.0327796936,-0.527726531]],"6":[[0.8570997715,0.8531016111,-1.7613387108,-1.0652183294,0.8567584753,0.5915719867,0.7443464398,0.8550552726,-1.7489495277,-0.2435778677]],"7":[[0.958537221,0.9568070769,-1.4115183353,-0.704406321,0.492380619,0.9569159746,0.9521923065,0.9568850994,-3.0655505657,0.9570526481]],"8":[[2.2619476318,2.259373188,0.3241690993,-1.3703689575,0.2337817699,-0.0716814697,2.2608141899,0.2275994867,-4.2261190414,0.5052044988]],"9":[[1.3885140419,0.2583931684,-2.7778155804,-2.1886894703,1.3165643215,0.331014812,0.9632747769,1.3881527185,-2.8880038261,1.379868269]]},"Adv0 Eps 2 Distortion":{"0":5.2269173859,"1":2.8582548021,"2":5.7205864298,"3":2.5969094027,"4":3.6353212943,"5":6.1143744031,"6":4.4681639387,"7":4.9214409531,"8":3.186337128,"9":4.096087771},"Adv1 Eps 2 Classification":{"0":1,"1":1,"2":2,"3":2,"4":1,"5":2,"6":1,"7":1,"8":1,"9":1},"Adv1 Eps 2 Vector":{"0":[[-3.0076711178,5.5310091972,-1.5591803789,-0.9916136861,0.3128659129,-1.5281686783,-0.4971545935,5.5302519798,-4.0163965225,-0.1921642721]],"1":[[-0.6911305189,4.5913181305,3.0169541836,0.9533828497,-3.2924780846,-0.7236860394,3.547939539,-1.8244773149,-2.985732317,-2.7493019104]],"2":[[-1.130918622,2.5569963455,2.5574498177,0.1261196434,0.1125327498,-1.875161171,0.9247951508,1.9117558002,-3.6658332348,-1.5808663368]],"3":[[2.2147307396,0.1400642395,2.2148919106,-1.4629913568,-4.1212463379,-1.6741156578,2.207423687,2.1489875317,-4.9919295311,0.1417998821]],"4":[[-2.2433736324,3.8854649067,-0.901870966,-2.5316376686,3.885461092,-1.6370953321,1.2053412199,3.4643292427,-3.8734896183,1.093167901]],"5":[[-1.2105640173,2.9611923695,2.961602211,0.6890913844,-0.4997971952,-2.4275698662,0.1882937551,2.314748764,-3.8599355221,-1.5050017834]],"6":[[-3.2760622501,3.9688017368,-3.3413746357,-1.6666061878,3.9685380459,0.3411612511,-0.5945956111,3.9680714607,-3.0122807026,-0.4239053726]],"7":[[-3.5275592804,5.7723889351,-2.4976863861,-0.8382570148,2.425069809,-0.316922158,0.8071126938,2.0207390785,-4.576312542,2.4818768501]],"8":[[-1.4108914137,5.4620189667,0.6839324236,-2.4964873791,1.8875564337,-1.374647975,3.7798361778,0.5080106854,-4.6070146561,0.6090233326]],"9":[[-3.1535143852,4.0425372124,-4.6862401962,-2.8863835335,3.339897871,-1.0556563139,-0.0472998694,4.0425205231,-3.7912893295,3.8803498745]]},"Adv1 Eps 2 Distortion":{"0":2.2287813608,"1":0.0003024826,"2":4.9887977996,"3":2.8461642235,"4":0.1493712595,"5":5.3898428087,"6":0.2293784001,"7":0.0003301622,"8":0.0002973895,"9":1.4451016659},"Adv2 Eps 2 Classification":{"0":2,"1":3,"2":3,"3":3,"4":2,"5":3,"6":2,"7":2,"8":2,"9":2},"Adv2 Eps 2 Vector":{"0":[[-1.17380023,2.1462967396,2.146718502,-0.3193511367,-0.5630435944,-1.9265092611,0.2074513137,2.1443288326,-3.0764408112,-0.5940747261]],"1":[[-0.1759244055,2.7438216209,2.7357194424,2.7438530922,-3.1374082565,-0.0172064621,2.4581518173,-1.4799382687,-2.8331692219,-2.3628234863]],"2":[[-1.2427202463,2.148566246,-0.3799978495,2.148722887,0.3020074368,-0.8727179766,0.3663546443,2.1088807583,-3.7497992516,-0.5726827383]],"3":[[1.4329458475,-0.1664547324,-1.0134358406,1.4343156815,-3.4642357826,0.1187777445,1.0124163628,1.426148653,-4.4840350151,0.7343771458]],"4":[[-1.4556723833,2.011841774,2.0144395828,-1.8786517382,2.013810873,-2.0940241814,1.579639554,1.8324906826,-3.3199596405,0.6245424151]],"5":[[-1.857883215,2.6772665977,-0.7720880508,2.6780664921,0.4453280568,-1.235669136,-0.5963571072,2.6610064507,-3.9273376465,-0.1903915554]],"6":[[-2.0570406914,1.2229802608,1.2315094471,0.1232103854,1.2279514074,-0.6528574824,0.2201003134,1.2309683561,-2.1948239803,-1.0433214903]],"7":[[-1.9863495827,1.3384109735,1.3406802416,-0.3068910837,1.1383681297,-0.3870161772,1.290997982,0.8019173741,-3.08441329,1.324631691]],"8":[[-0.6754916906,3.252133131,3.2535176277,-1.3923351765,0.8262047768,-1.3726284504,3.2500519753,-0.5482676625,-4.085963726,-0.0095514581]],"9":[[-1.2481075525,1.0126031637,1.0197519064,-1.4757291079,1.0177913904,-1.6276015043,0.9755290747,1.0187565088,-3.1886577606,0.9990516901]]},"Adv2 Eps 2 Distortion":{"0":4.7105451582,"1":2.0062796237,"2":5.127576971,"3":3.2405485492,"4":2.7629363358,"5":5.2192974603,"6":4.4157091698,"7":4.4184246283,"8":2.4108262576,"9":4.7102218261},"Adv3 Eps 2 Classification":{"0":3,"1":4,"2":4,"3":4,"4":3,"5":4,"6":3,"7":3,"8":3,"9":3},"Adv3 Eps 2 Vector":{"0":[[-1.9375214577,2.8355667591,-0.8201192617,2.8490273952,-0.2929890752,-1.2696570158,-1.1304218769,2.8475577831,-3.3845381737,0.1611401141]],"1":[[-0.6934273243,1.4935194254,1.0270929337,1.085370779,1.4955675602,-0.2260620892,1.4953685999,-0.1641898304,-2.7539346218,-1.2436242104]],"2":[[-2.1720416546,3.2578651905,-1.7560139894,-0.9328891039,3.2582573891,-1.3155778646,1.130028367,3.2248468399,-4.1219162941,-0.058029376]],"3":[[1.8685891628,-1.2706547976,-2.410150528,-2.2120859623,1.8934276104,0.1759950221,1.8906936646,1.8927952051,-4.2395057678,1.5562330484]],"4":[[-1.1827418804,1.6170812845,0.3690783978,1.6208486557,1.6131955385,-1.3313211203,-0.3385155201,1.6120679379,-3.2345099449,0.7873494029]],"5":[[-3.0506398678,3.9157376289,-2.3073568344,-0.7892542481,3.917167902,-1.8273924589,0.087213859,3.6657984257,-4.3092107773,0.5640569925]],"6":[[-2.4781782627,1.9020162821,-2.3119847775,1.9030175209,1.8998792171,0.5598890185,-1.3384242058,1.8915706873,-2.1808328629,-0.5038263202]],"7":[[-2.6493690014,1.9851734638,-2.3488812447,1.987539649,1.9210131168,0.5844330788,-0.1965592206,1.8676692247,-3.5649235249,1.9871337414]],