{"Valid Eps 0.2 Classification":{"0":9,"1":6,"2":9,"3":0,"4":9,"5":9,"6":9,"7":9,"8":9,"9":9},"Valid Eps 0.2 Vector":{"0":[[-0.9629419446,-10.8223257065,-1.015337944,-2.6361219883,-8.006401062,6.3508615494,3.2016429901,9.9527053833,-19.4917888641,14.3820991516]],"1":[[-9.660027504,2.5566148758,1.1210644245,-5.6082873344,0.8877839446,6.5738368034,9.1062650681,-4.2463316917,-3.6803691387,-8.9589891434]],"2":[[-7.671195507,7.7728123665,4.283074379,-6.7243895531,-6.1759676933,-4.1042842865,11.7106933594,-0.175518617,-10.5807666779,12.3805294037]],"3":[[17.6285037994,3.6843402386,-13.1304330826,2.0713601112,-8.3774185181,0.0097052753,10.9572000504,-3.7557272911,-13.140583992,2.0898625851]],"4":[[-6.4165935516,-9.0305557251,-6.8321628571,0.4441927075,6.1794857979,-0.3535783291,7.9867591858,-1.8637077808,-21.1680183411,10.6489162445]],"5":[[-9.2938652039,11.2267580032,5.4865989685,-6.2047524452,-7.3610634804,-4.1123366356,10.0969200134,1.5166791677,-8.8885173798,15.2004032135]],"6":[[-2.8553431034,-8.7268629074,-1.3597701788,-2.7802481651,-0.3663157225,7.7380237579,-2.6528851986,-5.3626694679,-18.9051380157,10.2944478989]],"7":[[-13.2623844147,0.1429651082,1.8321416378,-5.7440233231,-5.469722271,0.1596752852,9.1259117126,-7.2302474976,-16.1348762512,17.2769565582]],"8":[[-5.4874014854,0.9971923828,-7.1075310707,-4.4620380402,11.2405662537,8.35389328,7.40193367,-7.6068000793,-11.7341947556,15.3479194641]],"9":[[5.2333478928,-7.4073338509,4.0680661201,-2.2725849152,-8.7082195282,-1.845911622,4.7793827057,10.3650655746,-18.4916248322,12.5674304962]]},"Adv0 Eps 0.2 Classification":{"0":0,"1":0,"2":0,"3":1,"4":0,"5":0,"6":0,"7":0,"8":0,"9":0},"Adv0 Eps 0.2 Vector":{"0":[[6.7974534035,-8.8862724304,-0.5477728844,-2.7254309654,-7.7530908585,6.7937135696,2.8028874397,6.76541996,-19.7881698608,6.796400547]],"1":[[2.0471870899,-0.4493038654,-0.2583042383,-5.9124975204,0.951605618,2.0264742374,2.0471675396,-1.8606014252,-2.8652746677,-7.8604245186]],"2":[[7.8657493591,5.6324591637,-0.2908045352,-5.316008091,-6.08953619,-2.7961137295,7.8527665138,-0.9107937217,-13.1041173935,7.8654661179]],"3":[[8.2698984146,8.2704906464,-10.5843429565,2.4363737106,-7.9159998894,0.9816725254,8.2306118011,-5.0630264282,-9.219288826,0.8253187537]],"4":[[4.3796739578,-7.5309696198,-6.6634836197,0.0074286461,4.3564825058,1.0651776791,4.3751153946,-2.813811779,-22.1190757751,4.3737506866]],"5":[[8.3180704117,8.2558755875,0.2054010928,-6.3031930923,-7.3268561363,-3.7363572121,8.3168706894,1.5858632326,-10.7431373596,8.3062438965]],"6":[[4.8935289383,-8.4673480988,0.2306906581,-3.5639402866,-0.8983679414,4.8801178932,-2.0839414597,-5.4799432755,-19.3988132477,4.8884468079]],"7":[[5.9682211876,1.2472934723,2.1558310986,-5.7045907974,-5.930973053,0.408881247,5.9293651581,-6.1494908333,-16.8413619995,5.9649543762]],"8":[[7.4122047424,-0.3328695297,-8.5446395874,-2.4729175568,7.3400835991,7.4046792984,7.40695858,-9.2406139374,-13.0932207108,7.3880624771]],"9":[[8.7713603973,-6.9399013519,4.840511322,-2.0985028744,-9.2052030563,-2.1410074234,4.2871117592,8.7628011703,-19.2994785309,8.7710781097]]},"Adv0 Eps 0.2 Distortion":{"0":1.6545252907,"1":2.1383864678,"2":2.7355799173,"3":1.3717909559,"4":1.9600310035,"5":3.077582142,"6":1.4822605533,"7":3.0759415216,"8":2.1737090127,"9":0.7858834766},"Adv1 Eps 0.2 Classification":{"0":1,"1":1,"2":2,"3":2,"4":1,"5":2,"6":1,"7":1,"8":1,"9":1},"Adv1 Eps 0.2 Vector":{"0":[[0.7390272617,2.9784493446,2.8750452995,-3.53551054,-6.1005177498,2.9724285603,2.9095544815,2.8370985985,-16.1459922791,2.9705471992]],"1":[[-9.8982572556,6.0361280441,2.3008506298,-5.0969977379,1.3892580271,6.0163736343,6.0361199379,-4.8896126747,-2.958987236,-8.3665552139]],"2":[[-8.8961982727,9.2241888046,9.2546806335,-6.4979538918,-5.2928738594,-3.0100367069,9.2494945526,-1.2667012215,-9.7809991837,9.2507944107]],"3":[[3.0349683762,3.0283851624,3.0487451553,3.0103051662,-8.2233066559,-0.1537706554,3.0234546661,-2.6414542198,-9.8651294708,-2.2906227112]],"4":[[-5.9803113937,3.4683458805,-2.7624046803,-3.6029324532,3.4667756557,2.8316659927,3.4576258659,-6.942568779,-16.6469326019,3.4555745125]],"5":[[-10.0521402359,10.3964004517,10.396859169,-5.4176769257,-6.8190732002,-4.7137308121,10.3922233582,0.5473964214,-9.2639570236,10.3926773071]],"6":[[-1.1293954849,2.3806729317,1.4098727703,-5.2370176315,0.5115894675,2.3802697659,-1.010529995,-4.0740156174,-17.1252784729,2.3617827892]],"7":[[-13.2359161377,7.7464160919,4.740837574,-5.7647790909,-6.8907346725,0.9735857248,7.4662451744,-9.3426198959,-11.601061821,7.7440910339]],"8":[[-5.0554389954,9.2312669754,-3.8762335777,-3.4257025719,9.1984348297,8.498005867,7.5196976662,-8.9698295593,-8.4498100281,9.2295484543]],"9":[[3.9982614517,4.0159306526,4.0094704628,-2.6244220734,-8.3198471069,-1.6207712889,3.9923577309,3.8927533627,-14.4852600098,4.008225441]]},"Adv1 Eps 0.2 Distortion":{"0":2.6977310608,"1":0.8450723811,"2":1.1657640962,"3":3.1438820115,"4":2.4194654722,"5":1.2372550683,"6":2.1317608934,"7":1.7346828978,"8":1.5185411851,"9":2.2615527156},"Adv2 Eps 0.2 Classification":{"0":2,"1":3,"2":3,"3":3,"4":2,"5":3,"6":2,"7":2,"8":2,"9":2},"Adv2 Eps 0.2 Vector":{"0":[[-0.8042957187,-8.1503868103,6.3223438263,-0.2633413076,-8.2798528671,6.2143788338,3.4429068565,6.3198804855,-18.5744113922,6.3195595741]],"1":[[-8.4369239807,2.974588871,0.9042333961,4.8612155914,1.5437085629,4.8348956108,4.8571367264,-3.9485909939,-2.0111098289,-8.6474132538]],"2":[[-7.7696766853,6.7177615166,3.1278636456,6.7433037758,-2.4601545334,-3.9366219044,6.7396259308,-0.6618537307,-9.8473129272,6.7430911064]],"3":[[7.9043607712,3.7833528519,-10.1259393692,7.9064474106,-8.033246994,1.0254555941,7.8307323456,-5.5541300774,-10.0446825027,1.2698326111]],"4":[[-6.3381924629,-5.7781090736,4.5415353775,0.0944517851,4.5183992386,-0.598333478,4.5295639038,-4.0147647858,-18.1144123077,4.5407791138]],"5":[[-10.1457862854,7.1289482117,3.8058950901,7.1538014412,-3.7305569649,-2.6864516735,7.1503148079,2.1133759022,-9.0806732178,7.1435132027]],"6":[[-1.6528719664,-7.1467952728,5.1493501663,-2.5764532089,-0.4303024709,5.1358065605,-2.0716052055,-5.1084604263,-17.824388504,5.1475839615]],"7":[[-14.0278186798,1.3623665571,7.4050059319,-5.7624354362,-5.2195057869,2.5133423805,7.1029777527,-9.2131195068,-15.2528266907,7.3984870911]],"8":[[-7.7152519226,3.7776918411,5.9741168022,-4.0287561417,5.9515156746,5.9536910057,5.9640412331,-7.0481333733,-6.9354600906,5.9740538597]],"9":[[4.923479557,-5.982029438,8.2265949249,-1.3608547449,-8.8718757629,-1.5353502035,4.8218860626,8.2202367783,-18.2695503235,8.2202062607]]},"Adv2 Eps 0.2 Distortion":{"0":1.5069784912,"1":1.6897483259,"2":2.3682951397,"3":1.4954671718,"4":2.049784449,"5":2.4147977728,"6":1.26121303,"7":1.5542525253,"8":2.36180828,"9":0.8216452535},"Adv3 Eps 0.2 Classification":{"0":3,"1":4,"2":4,"3":4,"4":3,"5":4,"6":3,"7":3,"8":3,"9":3},"Adv3 Eps 0.2 Vector":{"0":[[-1.6691408157,-10.1314344406,2.4109487534,6.9501066208,-7.9014029503,6.9466938972,3.0261442661,6.8514275551,-18.6323356628,6.9339618683]],"1":[[-9.2755088806,2.2916250229,1.1443276405,-6.0848026276,5.1556682587,5.1297149658,5.153544426,-3.8327581882,-2.824640274,-8.6762475967]],"2":[[-7.3378572464,4.8985443115,2.5697245598,-3.1086251736,4.9081745148,-3.1325156689,4.9042630196,1.8325816393,-9.0696353912,4.8918046951]],"3":[[4.7230491638,3.1418480873,-8.912776947,1.3023315668,4.7262701988,2.1955769062,4.7248678207,-2.6740252972,-7.9593544006,4.4786133766]],"4":[[-5.3002309799,-8.8203659058,-5.3483991623,6.5410366058,6.3250274658,1.3350667953,6.5358204842,-2.1787436008,-20.819568634,6.5330610275]],"5":[[-10.0153455734,5.398121357,3.1105101109,-3.1863787174,5.4188551903,-2.4734508991,5.2436943054,2.6120595932,-9.133515358,5.3999123573]],"6":[[-3.1499090195,-9.7936286926,0.2913722396,5.1329202652,-0.949052453,5.1287670135,-1.635327816,-5.7928733826,-17.1994953156,5.1111960411]],