{"Valid Eps 4 Classification":{"0":7,"1":1,"2":1,"3":0,"4":4,"5":1,"6":4,"7":1,"8":1,"9":7},"Valid Eps 4 Vector":{"0":[[-1.8735476732,3.4991500378,-2.2462255955,-1.4389582872,0.5133067369,-0.5674927831,-1.9547140598,8.4078159332,-5.1913075447,1.8727221489]],"1":[[0.8193059564,4.0759391785,1.170547843,0.0225756317,-2.5255460739,1.3295973539,3.3647754192,-2.337523222,-2.839253664,-2.7868909836]],"2":[[-1.0673618317,9.1076784134,-2.5302286148,-1.364636302,-0.0238427296,-0.4965745807,-0.0041086115,2.6480724812,-4.8506159782,-0.409824729]],"3":[[5.950981617,0.4382078946,-2.1316764355,-2.2102413177,-2.4641263485,1.1638895273,3.1179144382,3.7618448734,-5.0565404892,0.4720114768]],"4":[[-1.4552640915,2.4521288872,-2.2088978291,-2.0606105328,4.1931347847,-1.3745110035,0.6382137537,3.0156326294,-4.0623464584,2.0425364971]],"5":[[-2.2506577969,10.5705404282,-2.8393816948,-0.9612463117,-0.2761193514,-1.1007661819,-0.9692363739,3.1116330624,-4.5870409012,-0.2888662219]],"6":[[-2.8554496765,3.6669168472,-3.877661705,-1.1686005592,5.0225234032,0.2835834026,-1.4814841747,3.1823322773,-3.7412467003,1.8489739895]],"7":[[-3.3309319019,5.1754698753,-3.7293515205,-1.5393484831,2.8318181038,-0.7615372539,0.6739558578,2.0972385406,-3.8717083931,2.3132016659]],"8":[[0.1975945532,4.4196753502,-0.9273667932,-3.5759665966,1.6610378027,-1.2779306173,3.7139773369,-0.4720495939,-4.2414908409,0.7643526196]],"9":[[-2.7293844223,2.6565082073,-5.5708832741,-4.0289945602,3.7087898254,-1.0158988237,-0.9679810405,6.2653999329,-4.3891835213,5.9958329201]]},"Adv0 Eps 4 Classification":{"0":0,"1":0,"2":0,"3":1,"4":0,"5":0,"6":0,"7":0,"8":0,"9":0},"Adv0 Eps 4 Vector":{"0":[[1.6541690826,1.6398421526,-0.9717048407,-0.949916482,0.221046865,-0.0367569961,0.2436960042,1.6532030106,-3.2054140568,0.2561708391]],"1":[[2.28459692,2.2833945751,1.4380095005,0.1105735824,-2.8189373016,1.255376339,2.2831707001,-1.7241104841,-2.1217329502,-2.4920589924]],"2":[[2.3068809509,2.3068683147,-1.3536660671,-1.1940176487,0.1068040356,-0.0658862069,1.1491194963,1.7478117943,-3.6732461452,-0.3899129033]],"3":[[3.0362510681,3.0373079777,-1.9873059988,-2.0698506832,-1.718811512,0.3289914429,2.9065234661,3.0056755543,-4.4798173904,0.4930768609]],"4":[[1.423048377,1.4180674553,-1.1207807064,-1.629965663,1.4175845385,-1.0294901133,1.4124131203,1.4221119881,-3.4260494709,1.1829921007]],"5":[[2.2630367279,2.2612195015,-1.4802446365,-1.146455884,-0.1550673544,0.0272843949,0.721531868,2.0302443504,-3.679889679,-0.1911995709]],"6":[[1.1029139757,1.101074934,-1.7514032125,-0.1052364781,1.095967412,0.9561151266,-0.0934522003,1.0977435112,-2.7761297226,0.5519364476]],"7":[[0.9910153151,0.9871096611,-2.199432373,-1.2627863884,0.9823271036,0.7744490504,0.7428236008,0.9821816683,-2.6950144768,0.9786288142]],"8":[[2.2766046524,2.2765192986,-1.1763254404,-2.8520958424,0.9605595469,-0.5642997622,2.2737495899,-0.3454573154,-3.5107402802,0.7461225986]],"9":[[1.9058976173,1.870619297,-3.7268640995,-2.9599282742,1.5981770754,0.5333168507,1.0445249081,1.9056357145,-3.2075068951,1.9004381895]]},"Adv0 Eps 4 Distortion":{"0":5.0638109558,"1":2.0835042756,"2":5.1800763429,"3":2.1228449496,"4":3.2375932246,"5":5.7582388193,"6":4.1385589627,"7":4.5512146052,"8":2.2664834336,"9":3.9642553635},"Adv1 Eps 4 Classification":{"0":1,"1":1,"2":2,"3":2,"4":1,"5":2,"6":1,"7":1,"8":1,"9":1},"Adv1 Eps 4 Vector":{"0":[[-1.8634197712,5.2238621712,-2.2025697231,-1.1278098822,0.4334488213,-0.3309312165,-1.3381040096,5.2233529091,-4.3797345161,0.9788509011]],"1":[[0.8192930222,4.0759019852,1.1706142426,0.0226135328,-2.5255789757,1.3295741081,3.3647897243,-2.3375680447,-2.8392186165,-2.7869150639]],"2":[[-0.2254363447,2.6255376339,2.6298196316,-0.069529064,-0.4161859751,-0.6032479405,1.200158596,0.992646575,-3.0615885258,-0.7724013329]],"3":[[2.7992722988,1.0202046633,2.8014230728,-1.5010377169,-2.4168202877,-0.9646661878,2.7998564243,2.798459053,-4.1986365318,-0.2639689445]],"4":[[-1.4599288702,3.1088485718,-2.057144165,-1.7965066433,3.1075348854,-1.2713358402,0.4481276274,2.9481625557,-3.9355785847,1.9311351776]],"5":[[-0.9344632626,3.1251480579,3.1271910667,0.1699486077,-0.7074224353,-1.1744375229,0.8540592194,0.7432602048,-2.9123308659,-0.9903694391]],"6":[[-2.7693910599,4.1405715942,-3.7293095589,-0.9854652882,4.1401076317,0.2508001924,-1.4485545158,3.1221466064,-3.6574149132,1.6886967421]],"7":[[-3.3309481144,5.1754312515,-3.7293283939,-1.5393408537,2.8318192959,-0.7615535855,0.6739671826,2.0972354412,-3.8716773987,2.3132309914]],"8":[[0.1976032257,4.4196271896,-0.9273407459,-3.5759785175,1.6610169411,-1.2779060602,3.7139368057,-0.4720291197,-4.2414422035,0.7643386126]],"9":[[-2.6483523846,4.3966169357,-5.2645263672,-3.753349781,3.2949156761,-0.6899873018,-0.5468177795,4.3961834908,-3.8818564415,4.3953781128]]},"Adv1 Eps 4 Distortion":{"0":2.3297154671,"1":0.0003024826,"2":5.6984268695,"3":3.7782013007,"4":0.9930502977,"5":5.9536837418,"6":0.6618778645,"7":0.0003301622,"8":0.0002972669,"9":1.582044738},"Adv2 Eps 4 Classification":{"0":2,"1":3,"2":3,"3":3,"4":2,"5":3,"6":2,"7":2,"8":2,"9":2},"Adv2 Eps 4 Vector":{"0":[[-0.5423167348,1.7459186316,1.7731832266,-0.4966685474,0.6664387584,-1.0761971474,0.6535688639,1.7698366642,-3.1322665215,0.1683571637]],"1":[[0.8788181543,2.0697352886,2.0315895081,2.070579052,-2.8467223644,0.858835578,2.0510690212,-1.8579394817,-2.399720192,-2.7935740948]],"2":[[-0.6901724339,2.2106378078,-1.4915812016,2.2124865055,-0.0490645021,-0.7590454817,-0.8418741822,2.1698265076,-3.4864931107,0.5685501695]],"3":[[1.969456315,1.4278941154,-2.2343733311,1.9708112478,-2.8232769966,0.4864598811,0.8063580394,1.9667116404,-4.3233413696,0.3553768098]],"4":[[-0.204536587,1.4842550755,1.4880398512,-1.3791488409,1.4866999388,-1.2159712315,1.4819126129,1.4577789307,-3.260351181,0.618586719]],"5":[[-1.3712793589,2.909778595,-1.7084136009,2.910838604,-0.2462206483,-1.1834024191,-1.3017299175,2.4113812447,-3.4132699966,0.6917752028]],"6":[[-0.4810170829,0.9372231364,0.9389640093,-0.2179678679,0.9364421368,-0.031289719,0.4728849828,0.9325674176,-2.4541862011,0.5346912146]],"7":[[-1.5478178263,1.1659264565,1.1688108444,-0.679089129,1.1341408491,-0.8628403544,1.162951827,1.1514519453,-3.0831589699,1.0946443081]],"8":[[0.9787576199,2.5336704254,2.533853054,-2.371178627,0.3922759295,-1.1235078573,2.5321314335,-0.9328571558,-3.2748687267,-0.376893729]],"9":[[-1.0909659863,1.4250605106,1.4292763472,-1.5449887514,1.4104728699,-1.4430248737,1.4252740145,1.4273972511,-2.7517447472,1.4260206223]]},"Adv2 Eps 4 Distortion":{"0":4.9813113947,"1":2.4919353106,"2":5.5299486257,"3":3.86536366,"4":3.5813690539,"5":5.5420705701,"6":4.608727775,"7":4.6888356658,"8":3.1732216969,"9":5.0661607858},"Adv3 Eps 4 Classification":{"0":3,"1":4,"2":4,"3":4,"4":3,"5":4,"6":3,"7":3,"8":3,"9":3},"Adv3 Eps 4 Vector":{"0":[[-1.9298728704,2.3795697689,-1.4101195335,2.3850226402,0.5090195537,-0.8938804865,-1.3734457493,2.3830432892,-3.7267522812,1.5026829243]],"1":[[-0.1576394439,1.5990871191,0.0801500008,-0.1919742376,1.6000220776,0.4800492823,1.5994186401,-0.6612760425,-2.7638635635,-1.3251354694]],"2":[[-0.9776741266,3.3695070744,-2.8218257427,-1.6264388561,3.3702178001,-0.661085546,0.9976453781,1.5620775223,-3.9529168606,0.8794724345]],"3":[[2.1888406277,0.830632329,-2.9284851551,-2.9708817005,2.2000544071,0.5082795024,2.1993150711,2.1958417892,-3.8372268677,1.9657230377]],"4":[[-0.4596390426,1.0762251616,-1.0746999979,1.0840791464,1.0791004896,-0.8774369359,0.2093736976,1.0839548111,-3.1612462997,1.0718040466]],"5":[[-2.0775794983,3.8129222393,-3.2719113827,-1.4107422829,3.8147201538,-1.0771610737,0.36495924,1.8579897881,-4.016658783,1.3145416975]],"6":[[-1.6578397751,1.8916599751,-2.6644337177,1.8921221495,1.8868532181,0.1661750078,-1.7986447811,1.8889951706,-3.168487072,1.5351735353]],"7":[[-2.0163938999,1.7481973171,-2.551636219,1.751604557,1.1585534811,-0.8940531611,-0.3950321078,1.7358036041,-3.5303738117,1.7515462637]],