{
  "elapsed_secs": 475.0648331642151,
  "spent_eps_deltas": [
    [
      0.125,
      1.0
    ],
    [
      0.25,
      0.9279238252046615
    ],
    [
      0.5,
      0.6224363037248747
    ],
    [
      1.0,
      0.09385446487522708
    ],
    [
      2.0,
      3.135947232914599e-05
    ],
    [
      4.0,
      1.8578913041421116e-19
    ],
    [
      8.0,
      5.387655036079873e-71
    ]
  ],
  "train_accuracy": 0.9466,
  "test_accuracy": 0.9475,
  "num_training_steps": 12000,
  "mistakes": null,
  "result_series": [
    {
      "step": 1000,
      "elapsed_secs": 40.22749304771423,
      "spent_eps_deltas": [
        [
          0.125,
          0.8394092945135245
        ],
        [
          0.25,
          0.4422041143193069
        ],
        [
          0.5,
          0.03046567849975089
        ],
        [
          1.0,
          5.538093779768999e-07
        ],
        [
          2.0,
          8.01962052687929e-21
        ],
        [
          4.0,
          1.2861954739076318e-48
        ],
        [
          8.0,
          3.3083640530354633e-104
        ]
      ],
      "train_accuracy": 0.904,
      "test_accuracy": 0.9131,
      "mistakes": null
    },
    {
      "step": 2000,
      "elapsed_secs": 39.51885366439819,
      "spent_eps_deltas": [
        [
          0.125,
          0.8946417486263298
        ],
        [
          0.25,
          0.573556048684006
        ],
        [
          0.5,
          0.0862687570691264
        ],
        [
          1.0,
          3.545080088572799e-05
        ],
        [
          2.0,
          8.383148045377593e-18
        ],
        [
          4.0,
          1.3444984132258015e-45
        ],
        [
          8.0,
          3.458331420002261e-101
        ]
      ],
      "train_accuracy": 0.92,
      "test_accuracy": 0.9213,
      "mistakes": null
    },
    {
      "step": 3000,
      "elapsed_secs": 39.399014472961426,
      "spent_eps_deltas": [
        [
          0.125,
          0.9299633265252466
        ],
        [
          0.25,
          0.664849744676412
        ],
        [
          0.5,
          0.1547669260345591
        ],
        [
          1.0,
          0.00036719553270943647
        ],
        [
          2.0,
          8.763154181070139e-15
        ],
        [
          4.0,
          1.4054442111157019e-42
        ],
        [
          8.0,
          3.615096772557833e-98
        ]
      ],
      "train_accuracy": 0.9218,
      "test_accuracy": 0.9284,
      "mistakes": null
    },
    {
      "step": 4000,
      "elapsed_secs": 38.85591745376587,
      "spent_eps_deltas": [
        [
          0.125,
          0.9483833925326278
        ],
        [
          0.25,
          0.727912551092404
        ],
        [
          0.5,
          0.22664315294541984
        ],
        [
          1.0,
          0.0016441037009363169
        ],
        [
          2.0,
          3.276110764673694e-12
        ],
        [
          4.0,
          1.4691526677368422e-39
        ],
        [
          8.0,
          3.778968261795313e-95
        ]
      ],
      "train_accuracy": 0.9276,
      "test_accuracy": 0.9339,
      "mistakes": null
    },
    {
      "step": 5000,
      "elapsed_secs": 41.16456604003906,
      "spent_eps_deltas": [
        [
          0.125,
          0.9606956843279503
        ],
        [
          0.25,
          0.7825741982976087
        ],
        [
          0.5,
          0.29407139113432285
        ],
        [
          1.0,
          0.004661350995596152
        ],
        [
          2.0,
          2.0528408525047477e-10
        ],
        [
          4.0,
          1.5357490137618784e-36
        ],
        [
          8.0,
          3.9502680072246485e-92
        ]
      ],
      "train_accuracy": 0.9345,
      "test_accuracy": 0.9373,
      "mistakes": null
    },
    {
      "step": 6000,
      "elapsed_secs": 39.0852575302124,
      "spent_eps_deltas": [
        [
          0.125,
          0.973167819210411
        ],
        [
          0.25,
          0.8134712088041427
        ],
        [
          0.5,
          0.35702704393352064
        ],
        [
          1.0,
          0.010094533093705421
        ],
        [
          2.0,
          4.332902236005164e-09
        ],
        [
          4.0,
          1.605364156540501e-33
        ],
        [
          8.0,
          4.1293327299576606e-89
        ]
      ],
      "train_accuracy": 0.9392,
      "test_accuracy": 0.94,
      "mistakes": null
    },
    {
      "step": 7000,
      "elapsed_secs": 38.72452712059021,
      "spent_eps_deltas": [
        [
          0.125,
          0.9858018723267765
        ],
        [
          0.25,
          0.8455880720228126
        ],
        [
          0.5,
          0.4101515018364067
        ],
        [
          1.0,
          0.018317956039683
        ],
        [
          2.0,
          4.4993344448486636e-08
        ],
        [
          4.0,
          1.6781349374218733e-30
        ],
        [
          8.0,
          4.3165144145952346e-86
        ]
      ],
      "train_accuracy": 0.9393,
      "test_accuracy": 0.9389,
      "mistakes": null
    },
    {
      "step": 8000,
      "elapsed_secs": 39.47977089881897,
      "spent_eps_deltas": [
        [
          0.125,
          0.998599945764197
        ],
        [
          0.25,
          0.8789729492680922
        ],
        [
          0.5,
          0.46673796309645194
        ],
        [
          1.0,
          0.029205941317805142
        ],
        [
          2.0,
          2.8990367427975493e-07
        ],
        [
          4.0,
          1.6536731597074313e-27
        ],
        [
          8.0,
          4.512181001117699e-83
        ]
      ],
      "train_accuracy": 0.9409,
      "test_accuracy": 0.9417,
      "mistakes": null
    },
    {
      "step": 9000,
      "elapsed_secs": 39.228803634643555,
      "spent_eps_deltas": [
        [
          0.125,
          1.0
        ],
        [
          0.25,
          0.8927022458197724
        ],
        [
          0.5,
          0.5065645426050213
        ],
        [
          1.0,
          0.042202242100611215
        ],
        [
          2.0,
          1.2869340685385554e-06
        ],
        [
          4.0,
          6.249416487105039e-25
        ],
        [
          8.0,
          4.7167171081384395e-80
        ]
      ],
      "train_accuracy": 0.9423,
      "test_accuracy": 0.9417,
      "mistakes": null
    },
    {
      "step": 10000,
      "elapsed_secs": 39.5415780544281,
      "spent_eps_deltas": [
        [
          0.125,
          1.0
        ],
        [
          0.25,
          0.9042916627406244
        ],
        [
          0.5,
          0.5473814503910055
        ],
        [
          1.0,
          0.05762473234075896
        ],
        [
          2.0,
          4.49693704109217e-06
        ],
        [
          4.0,
          8.60297569037402e-23
        ],
        [
          8.0,
          4.9305247889424204e-77
        ]
      ],
      "train_accuracy": 0.9452,
      "test_accuracy": 0.9453,
      "mistakes": null
    },
    {
      "step": 11000,
      "elapsed_secs": 40.22053360939026,
      "spent_eps_deltas": [
        [
          0.125,
          1.0
        ],
        [
          0.25,
          0.9160315380984237
        ],
        [
          0.5,
          0.5914872183736429
        ],
        [
          1.0,
          0.07561951398337685
        ],
        [
          2.0,
          1.286725443843538e-05
        ],
        [
          4.0,
          5.442834551788783e-21
        ],
        [
          8.0,
          5.154024321795764e-74
        ]
      ],
      "train_accuracy": 0.9456,
      "test_accuracy": 0.9465,
      "mistakes": null
    },
    {
      "step": 12000,
      "elapsed_secs": 39.61851763725281,