{
  "elapsed_secs": 198.62583303451538,
  "spent_eps_deltas": [
    [
      0.125,
      0.019024377476306375
    ],
    [
      0.25,
      0.0003484436279389958
    ],
    [
      0.5,
      1.1688981510430063e-07
    ],
    [
      1.0,
      1.3154215765664341e-14
    ],
    [
      2.0,
      1.665871661248784e-28
    ],
    [
      4.0,
      2.671743112567132e-56
    ],
    [
      8.0,
      6.8722826754379955e-112
    ]
  ],
  "train_accuracy": 0.7492,
  "test_accuracy": 0.7592,
  "num_training_steps": 200,
  "mistakes": null,
  "result_series": [
    {
      "step": 10,
      "elapsed_secs": 10.874713659286499,
      "spent_eps_deltas": [
        [
          0.125,
          0.01835044039841342
        ],
        [
          0.25,
          0.0003361000397865797
        ],
        [
          0.5,
          1.1274900258494472e-07
        ],
        [
          1.0,
          1.2688228705318974e-14
        ],
        [
          2.0,
          1.6068582884892836e-28
        ],
        [
          4.0,
          2.5770968226474575e-56
        ],
        [
          8.0,
          6.628832601420684e-112
        ]
      ],
      "train_accuracy": 0.4537,
      "test_accuracy": 0.4622,
      "mistakes": null
    },
    {
      "step": 20,
      "elapsed_secs": 9.583637475967407,
      "spent_eps_deltas": [
        [
          0.125,
          0.018385308034373236
        ],
        [
          0.25,
          0.00033673866281572326
        ],
        [
          0.5,
          1.1296323674454048e-07
        ],
        [
          1.0,
          1.271233758389987e-14
        ],
        [
          2.0,
          1.609911476784804e-28
        ],
        [
          4.0,
          2.581993559286709e-56
        ],
        [
          8.0,
          6.641428033299623e-112
        ]
      ],
      "train_accuracy": 0.5551,
      "test_accuracy": 0.5623,
      "mistakes": null
    },
    {
      "step": 30,
      "elapsed_secs": 10.381292581558228,
      "spent_eps_deltas": [
        [
          0.125,
          0.01842024192226003
        ],
        [
          0.25,
          0.00033737849929123747
        ],
        [
          0.5,
          1.1317787797004425e-07
        ],
        [
          1.0,
          1.2736492271713915e-14
        ],
        [
          2.0,
          1.6129704664374416e-28
        ],
        [
          4.0,
          2.586899600205685e-56
        ],
        [
          8.0,
          6.654047397733885e-112
        ]
      ],
      "train_accuracy": 0.573,
      "test_accuracy": 0.5748,
      "mistakes": null
    },
    {
      "step": 40,
      "elapsed_secs": 10.022447347640991,
      "spent_eps_deltas": [
        [
          0.125,
          0.018455242187958965
        ],
        [
          0.25,
          0.0003380195515187891
        ],
        [
          0.5,
          1.1339292703492137e-07
        ],
        [
          1.0,
          1.2760692855803098e-14
        ],
        [
          2.0,
          1.616035268470332e-28
        ],
        [
          4.0,
          2.591814963083429e-56
        ],
        [
          8.0,
          6.666690740198049e-112
        ]
      ],
      "train_accuracy": 0.6272,
      "test_accuracy": 0.6301,
      "mistakes": null
    },
    {
      "step": 50,
      "elapsed_secs": 9.63996958732605,
      "spent_eps_deltas": [
        [
          0.125,
          0.018490308957594404
        ],
        [
          0.25,
          0.00033866182180842586
        ],
        [
          0.5,
          1.1360838471410683e-07
        ],
        [
          1.0,
          1.2784939423374797e-14
        ],
        [
          2.0,
          1.6191058939275907e-28
        ],
        [
          4.0,
          2.596739665632576e-56
        ],
        [
          8.0,
          6.679358106252347e-112
        ]
      ],
      "train_accuracy": 0.618,
      "test_accuracy": 0.6226,
      "mistakes": null
    },
    {
      "step": 60,
      "elapsed_secs": 9.743210554122925,
      "spent_eps_deltas": [
        [
          0.125,
          0.018525442357530328
        ],
        [
          0.25,
          0.00033930531247458584
        ],
        [
          0.5,
          1.138242517840075e-07
        ],
        [
          1.0,
          1.2809232061802226e-14
        ],
        [
          2.0,
          1.622182353874283e-28
        ],
        [
          4.0,
          2.601673725599418e-56
        ],
        [
          8.0,
          6.692049541544333e-112
        ]
      ],
      "train_accuracy": 0.6423,
      "test_accuracy": 0.6504,
      "mistakes": null
    },
    {
      "step": 70,
      "elapsed_secs": 9.974855422973633,
      "spent_eps_deltas": [
        [
          0.125,
          0.018560642514370857
        ],
        [
          0.25,
          0.0003399500258361038
        ],
        [
          0.5,
          1.1404052902250607e-07
        ],
        [
          1.0,
          1.2833570858624484e-14
        ],
        [
          2.0,
          1.6252646593965114e-28
        ],
        [
          4.0,
          2.6066171607639293e-56
        ],
        [
          8.0,
          6.704765091807539e-112
        ]
      ],
      "train_accuracy": 0.6773,
      "test_accuracy": 0.6857,
      "mistakes": null
    },
    {
      "step": 80,
      "elapsed_secs": 9.81702709197998,
      "spent_eps_deltas": [
        [
          0.125,
          0.018595909554960637
        ],
        [
          0.25,
          0.00034059596421622044
        ],
        [
          0.5,
          1.1425721720896329e-07
        ],
        [
          1.0,
          1.2857955901547e-14
        ],
        [
          2.0,
          1.6283528216014424e-28
        ],
        [
          4.0,
          2.611569988939978e-56
        ],
        [
          8.0,
          6.717504802863154e-112
        ]
      ],
      "train_accuracy": 0.6775,
      "test_accuracy": 0.6917,
      "mistakes": null
    },
    {
      "step": 90,
      "elapsed_secs": 10.172314405441284,
      "spent_eps_deltas": [
        [
          0.125,
          0.01863124360638536
        ],
        [
          0.25,
          0.0003412431299425918
        ],
        [
          0.5,
          1.1447431712422017e-07
        ],
        [
          1.0,
          1.2882387278441992e-14
        ],
        [
          2.0,
          1.6314468516173473e-28
        ],
        [
          4.0,
          2.6165322279751708e-56
        ],
        [
          8.0,
          6.730268720618674e-112
        ]
      ],
      "train_accuracy": 0.6999,
      "test_accuracy": 0.6947,
      "mistakes": null
    },
    {
      "step": 100,
      "elapsed_secs": 9.634259223937988,
      "spent_eps_deltas": [
        [
          0.125,
          0.018666644795972194
        ],
        [
          0.25,
          0.0003418915253472958
        ],
        [
          0.5,
          1.14691829550602e-07
        ],
        [
          1.0,
          1.2906865077348504e-14
        ],
        [
          2.0,
          1.6345467605936308e-28
        ],
        [
          4.0,
          2.6215038957510623e-56
        ],
        [
          8.0,
          6.7430568910695815e-112
        ]
      ],
      "train_accuracy": 0.7049,
      "test_accuracy": 0.7111,
      "mistakes": null
    },
    {
      "step": 110,
      "elapsed_secs": 9.57680082321167,
      "spent_eps_deltas": [
        [
          0.125,
          0.018702113251290207
        ],
        [
          0.25,
          0.00034254115276684195
        ],
        [
          0.5,
          1.1490975527192056e-07
        ],
        [
          1.0,
          1.2931389386472863e-14
        ],
        [
          2.0,
          1.637652559700917e-28
        ],
        [
          4.0,
          2.6264850101831843e-56
        ],
        [
          8.0,
          6.7558693602979945e-112
        ]
      ],
      "train_accuracy": 0.722,
      "test_accuracy": 0.7173,